ID,TrophicSpecies,FunctionalGroup,TotalDegree,NumPrey,NumPred,Between,Close,TL,Omn,meanTrophicSimil,TopRole,Habitat
1,Diatoms_benthic,Diatoms,74,0,74,0,0.0011806375442739079,1,0,0.026575615430018854,modhub,NA
2,Abyssianira_argentenensis,Isopoda,3,3,0,0,8.424599831508003e-4,2,0,0.07842194279608532,modspe,NA
3,Diatoms_centric,Diatoms,72,0,72,0,0.0011737089201877935,1,0,0.02670340642909089,modhub,NA
4,Diatoms_pennate,Diatoms,72,0,72,0,0.0011641443538998836,1,0,0.02736278390390218,modhub,NA
5,Abyssianira_dentifrons,Isopoda,3,3,0,0,8.424599831508003e-4,2,0,0.07842194279608532,modspe,NA
6,Abyssianira_spp,Isopoda,3,3,0,0,8.424599831508003e-4,2,0,0.07842194279608532,modspe,NA
7,Detritus,Non-living,153,0,153,0,0.0014367816091954023,1,0,0.01421944314044181,hubcon,NA
8,Acanthoserolis_schythei,Isopoda,20,5,15,218.57886565359942,0.001201923076923077,3.335,0.513,0.05557862327256239,modspe,NA
9,Laetmonice_producta,Polychaeta,9,6,3,141.8262106597024,0.0010964912280701754,2.798,1.324,0.08727432460005397,modcon,Benthic
10,Pelagobia_longicirrata,Polychaeta,15,6,9,82.10748246151608,0.0010395010395010396,2.306,0.684,0.039785187700903175,modspe,Benthic
11,Polyeunoa_laevis,Polychaeta,7,2,5,56.78653035214518,0.0010940919037199124,2.5,0.25,0.06749508816768188,modcon,Benthic
12,Themisto_gaudichaudii,Zooplankton,45,9,36,405.6056866001783,0.0011890606420927466,3.072,0.603,0.05287254635937016,modspe,Pelagic
13,Necromass,Non-living,31,0,31,0,0.0010030090270812437,1,0,0.015627040474041357,modspe,NA
14,Acodontaster_elongatus,Echinodermata,1,1,0,0,7.27802037845706e-4,2,0,0.023975801734609746,modspe,Benthic
15,Acodontaster_sp,Echinodermata,2,1,1,0.5,8.35421888053467e-4,2,0,0.026793599071399724,modspe,Benthic
16,Foraminifera,Foraminifera,44,1,43,27.430400964550728,0.0012330456226880395,2,0,0.029507185320922388,modcon,NA
17,Actinauge_longicornis,Cnidaria_benthic,2,1,1,0.2,8.873114463176575e-4,3,0,0.029231433092810042,modspe,NA
18,Polycheria_spp,Amphipoda,6,4,2,3.908333333333333,0.0010384215991692627,2,0,0.10759217262806875,modspe,NA
19,Actinostola_crassicornis,Cnidaria_benthic,7,6,1,6.142857142857143,8.635578583765112e-4,2.833,0.139,0.008984285958398534,modspe,NA
20,Eatoniella_spp,Gastropoda,2,1,1,0.25,9.42507068803016e-4,2,0,0.1143628309176999,modspe,Benthic
21,Liotella_crassicostata,Gastropoda,2,1,1,0.25,9.42507068803016e-4,2,0,0.1143628309176999,modspe,Benthic
22,Odostomia_sp,Gastropoda,5,0,5,0,7.662835249042146e-4,1,0,0.017581556986316943,modspe,Benthic
23,Onoba_spp,Gastropoda,2,1,1,0.25,9.42507068803016e-4,2,0,0.1143628309176999,modspe,Benthic
24,Scissurella_clathrata,Gastropoda,2,1,1,1.1428571428571428,7.473841554559044e-4,2,0,0.01605726922349614,modspe,Benthic
25,Zygochlamys_patagonica,Bivalvia,18,8,10,114.98201065523482,0.0011876484560570072,2.286,0.25,0.07367488973988914,modcon,NA
26,Adelomelon_ancilla,Gastropoda,5,3,2,103.55857843137255,9.000900090009e-4,3.464,0.22,0.01430485122737875,modspe,Benthic
27,Fusitriton_magellanicus,Gastropoda,8,5,3,211.59166666666667,8.532423208191126e-4,3.107,0.017,0.007058311685038365,modspe,Benthic
28,Eurhomalea_sp,Bivalvia,8,4,4,7.479166666666666,8.865248226950354e-4,2,0,0.058744214980363245,modspe,NA
29,Advenogonium_fuegiae,Isopoda,1,1,0,0,9.319664492078285e-4,2,0,0.1800492687249633,modspe,NA
30,Aglaophamus_virginis,Polychaeta,10,5,5,180.68449138674941,0.00101010101010101,3.607,0.368,0.0328600026209671,modspe,Benthic
31,Lumbrineridae,Polychaeta,5,1,4,9.666666666666666,8.764241893076249e-4,3.5,0,0.018264103943630407,modspe,Benthic
32,Orbiniidae,Polychaeta,12,5,7,13.991628959276017,9.99000999000999e-4,2.2,0.16,0.05628415091783241,modspe,Benthic
33,Eteone_spp,Polychaeta,16,11,5,218.71295271102036,0.0011547344110854503,3.166,0.839,0.05966701963965507,modspe,Benthic
34,Syllidae,Polychaeta,8,6,2,8.25,0.001072961373390558,2.167,0.139,0.1043885389478883,modspe,Benthic
35,Alcyonium_antarcticum,Coral,5,3,2,3,9.337068160597573e-4,2,0,0.06098627026130378,modspe,NA
36,Allorostrata_ovalis,Isopoda,1,1,0,0,9.319664492078285e-4,2,0,0.1800492687249633,modspe,NA
37,Allorostrata_scutifrons,Isopoda,1,1,0,0,9.319664492078285e-4,2,0,0.1800492687249633,modspe,NA
38,Tryphosella_sp,Amphipoda,6,3,3,51.076190476190476,9.587727708533077e-4,2.691,1.001,0.029395175342434562,modspe,NA
39,Amblyraja_doellojuradoi,Fish_Chond,26,25,1,16.2156298560911,0.001002004008016032,3.473,0.534,0.019482173576703492,modspe,NA
40,Libidoclaea_granaria,Decapoda,7,1,6,1.3336034375506884,0.0010615711252653928,2,0,0.07207191305412759,modspe,NA
41,Eurypodius_latreillii,Decapoda,6,2,4,0.6428571428571428,9.823182711198428e-4,3.25,0.063,0.04037816351880693,modspe,NA
42,Grimothea_gregaria,Decapoda,33,2,31,30.934415110306503,0.0011574074074074073,2.5,0.25,0.04935330790298731,modspe,NA
43,Sympagurus_dimorphus,Decapoda,4,1,3,0.7149246992877212,0.0010649627263045794,2,0,0.09554152733833823,modspe,NA
44,Campylonotus_vagans,Decapoda,5,1,4,1.3318104170438172,0.001059322033898305,2,0,0.08134546014668043,modspe,NA
45,Patagonotothen_ramsayi,Fish_BenPel,68,49,19,3184.359257780095,0.0011904761904761906,3.508,0.501,0.03637143782095426,modcon,Benthopelagic
46,Natatolana_pastorei,Isopoda,5,1,4,3.458369408369408,9.082652134423251e-4,2,0,0.044703289973082844,modspe,NA
47,Macrochiridothea_stebbingi,Isopoda,1,0,1,0,7.272727272727272e-4,1,0,0.013557421849366593,modspe,NA
48,Onuphis_pseudoiridescens,Polychaeta,2,1,1,0.08815903197925669,9.718172983479105e-4,2,0,0.11936120886310832,modspe,Benthic
49,Pista_spp,Polychaeta,6,1,5,0.5592131936482496,0.0010515247108307045,2,0,0.07997314680759716,modcon,Benthic
50,Terebellides_malvinensis,Polychaeta,5,1,4,0.5592131936482496,0.0010438413361169101,2,0,0.08382857002361616,modcon,Benthic
51,Nicolea_chilensis,Polychaeta,5,1,4,0.5592131936482496,0.0010438413361169101,2,0,0.08382857002361616,modcon,Benthic
52,Thelepus_sp,Polychaeta,7,3,4,5.697458720943905,9.372071227741331e-4,2,0,0.06995182466679165,modcon,Benthic
53,Glycera_spp,Polychaeta,9,4,5,158.88810483143726,0.001049317943336831,3.32,0.713,0.04899286132184591,modspe,Benthic
54,Eunereis_patagonica,Polychaeta,12,7,5,141.45963056878784,0.0011587485515643105,3.057,0.504,0.07392685265179462,modspe,Benthic
55,Nicon_maculata,Polychaeta,12,7,5,141.45963056878784,0.0011587485515643105,3.057,0.504,0.07392685265179462,modspe,Benthic
56,Serpula_spp,Polychaeta,2,1,1,0.5769230769230769,7.874015748031496e-4,2,0,0.02177673054170297,modspe,Benthic
57,Nephtys_sp,Polychaeta,15,7,8,65.89904093158894,0.001160092807424594,2.624,0.63,0.08514610412482267,modspe,Benthic
58,Maldanidae,Polychaeta,3,0,3,0,7.91765637371338e-4,1,0,0.020307412799810947,modspe,Benthic
59,Metepimeria_acanthurus,Amphipoda,2,1,1,1,8e-4,3.25,0,0.008409884823314439,modspe,NA
60,Amblyraja_georgiana,Fish_Chond,23,23,0,0,0.0010482180293501049,3.676,0.525,0.029457718592792035,modcon,NA
61,Doryteuthis_gahi,Cephalopoda,42,5,37,2255.286357263454,9.765625e-4,3.47,0.942,0.03392581205192034,modhub,Pelagic
62,Austrocidaris_canaliculata,Echinodermata,7,2,5,66.125,9.31098696461825e-4,3.167,0.028,0.023702910362997157,modspe,Benthic
63,Austrocidaris_spinulosida,Echinodermata,5,0,5,0,8.084074373484236e-4,1,0,0.017179205304996763,modspe,Benthic
64,Lepidonotothen_squamifrons,Fish_BenPel,16,9,7,109.20888582007022,0.0010030090270812437,3.17,0.835,0.03087174963339647,modspe,Benthopelagic
65,Muraenolepis_spp,Fish_BenPel,10,3,7,61.50573370736871,9.328358208955224e-4,3.857,0.436,0.03165088882505149,modspe,Benthopelagic
66,Patagonotothen_guntheri,Fish_BenPel,63,50,13,1615.644033590453,0.0011560693641618498,3.417,0.402,0.03525956490962819,modcon,Benthopelagic
67,Trophon_ohlini,Gastropoda,14,11,3,200.41237373737374,9.813542688910696e-4,2.571,0.278,0.021434764160514735,modspe,Benthic
68,Trophon_plicatus,Gastropoda,14,11,3,200.41237373737374,9.813542688910696e-4,2.571,0.278,0.021434764160514735,modspe,Benthic
69,Neoserolis_exigua,Isopoda,11,1,10,3.149745056487889,0.0011185682326621924,2,0,0.056338084333423584,modspe,NA
70,Boccardia_sp,Polychaeta,13,7,6,17.838593628593628,0.0011160714285714285,2.314,0.25,0.08031878935196293,modspe,Benthic
71,Eucranta_sp,Polychaeta,4,1,3,0.2865303521451834,0.0010672358591248667,2,0,0.09483810297836451,modspe,Benthic
72,Harmothoe_sp,Polychaeta,14,7,7,130.23052442508597,0.0011574074074074073,2.684,0.927,0.0809581208894992,modcon,Benthic
73,Hermadion_magalhaensi,Polychaeta,2,0,2,0,8.547008547008547e-4,1,0,0.027474852670904135,modspe,Benthic
74,Polydora_sp,Polychaeta,15,10,5,217.2622047397047,0.0010152284263959391,2.726,0.546,0.049548745206140984,modspe,Benthic
75,Spiophanes_sp,Polychaeta,8,3,5,4.327482517482518,0.0010615711252653928,2.733,0.276,0.058304150575123496,modspe,Benthic
76,Euphausia_spp,Zooplankton,56,10,46,496.0455377691641,0.001226993865030675,2.48,0.363,0.051786009676385976,modhub,Pelagic
77,Ampharete_kerguelensis,Polychaeta,8,6,2,5.105257320536863,0.001142857142857143,2.167,0.139,0.1259317285563786,modcon,Benthic
78,Bacteria,Bacteria,35,0,35,0,9.84251968503937e-4,1,0,0.017675898640629472,modspe,NA
79,Anasterias_antarctica,Echinodermata,2,2,0,0,7.173601147776184e-4,3.571,0,0.013871529879552764,modspe,Benthic
80,Halicarcinus_planatus,Decapoda,7,2,5,89.8690697727811,0.0010615711252653928,3.303,1.699,0.054909402876275513,modcon,NA
81,Anasterias_sp,Echinodermata,6,6,0,0,8.726003490401396e-4,3.137,0.736,0.0068906298717838306,modspe,Benthic
82,Pagurus_comptus,Decapoda,15,3,12,22.406360778018048,0.0011655011655011655,2.333,0.222,0.05711008145244495,modspe,NA
83,Pareuthria_spp,Gastropoda,2,0,2,0,8.156606851549756e-4,1,0,0.023039058252263864,modspe,Benthic
84,Turbonilla_strebeli,Gastropoda,2,0,2,0,7.127583749109052e-4,1,0,0.006389813645750322,modspe,Benthic
85,Tonicia_lebruni,Polyplacophora,4,2,2,1.869047619047619,0.0010030090270812437,2.5,0.25,0.0777487553242344,modspe,Benthic
86,Andaniotes_linearis,Amphipoda,1,1,0,0,7.27802037845706e-4,2,0,0.023975801734609746,modspe,NA
87,Anobothrus_sp,Polychaeta,3,1,2,0.2946341720804686,0.0010660980810234541,2,0,0.119878609129826,modcon,Benthic
88,Anthoptilum_grandiflorum,Coral,9,9,0,0,0.0010277492291880781,2.778,0.395,0.06462093093752885,modspe,NA
89,Cyrtostrombidium_sp,Ciliates,12,1,11,6.251948051948053,9.132420091324201e-4,2,0,0.03320370449332621,modspe,Pelagic
90,Laboea_strobila,Ciliates,12,1,11,6.251948051948053,9.132420091324201e-4,2,0,0.03320370449332621,modspe,Pelagic
91,Lohmanniella_sp,Ciliates,12,1,11,6.251948051948053,9.132420091324201e-4,2,0,0.03320370449332621,modspe,Pelagic
92,Strobilidium_sp,Ciliates,12,1,11,59,9.025270758122744e-4,3,0,0.03013811480442391,modspe,Pelagic
93,Strombidinopsis_sp,Ciliates,12,1,11,6.251948051948053,9.132420091324201e-4,2,0,0.03320370449332621,modspe,Pelagic
94,Strombidium_spp,Ciliates,14,1,13,21.157792207792205,9.267840593141798e-4,2,0,0.03393107276884266,modspe,Pelagic
95,Dinoflagellates_heterosol,Dinoflagellates,38,0,38,0,0.0010683760683760685,1,0,0.03227534588916437,modspe,NA
96,Aplidium_spp,Ascidiacea,13,10,3,9.017857142857142,0.0010683760683760685,2.1,0.09,0.08786064739501422,modspe,Benthic
97,Emiliania_huxleyi,Coccolithophorids,22,0,22,0,9.541984732824427e-4,1,0,0.02253883103862816,modspe,NA
98,Phaeocystis_antarctica,Coccolithophorids,20,0,20,0,9.46969696969697e-4,1,0,0.022974529312205127,modspe,NA
99,Azadinium_sp,Dinoflagellates,21,0,21,0,9.615384615384616e-4,1,0,0.02918132345325077,modspe,NA
100,Gymnodinium_sp,Dinoflagellates,27,5,22,182.6436101668599,0.0010319917440660474,2,0,0.041157993980063805,modspe,NA
101,Appendicularia_spp,Zooplankton,11,8,3,128.84154794812565,0.0011123470522803114,2.275,0.229,0.0600459751665339,modcon,Pelagic
102,Synechococcus_sp,Phytoplankton_Misc,7,0,7,0,8.628127696289905e-4,1,0,0.012037241205437116,modspe,NA
103,Arctocephalus_australis,MarineMammals_2,23,23,0,0,9.813542688910696e-4,4.216,0.895,0.042711782402252645,modspe,Land-based
104,Enteroctopodidae,Cephalopoda,28,14,14,427.2950450993964,0.0010121457489878543,3.564,0.312,0.02830994542738572,modspe,Pelagic
105,Dissostichus_eleginoides,Fish_BenPel,54,30,24,2920.980843722728,0.0011123470522803114,3.924,0.937,0.04099511969775954,modhub,Benthopelagic
106,Macrourus_carinatus,Fish_BenPel,17,13,4,50.55709517783055,0.0010111223458038423,4.135,0.457,0.034028088009366374,modspe,Benthopelagic
107,Macrourus_holotrachys,Fish_BenPel,16,10,6,65.89993807468602,9.99000999000999e-4,3.798,0.53,0.036382691598172395,modspe,Benthopelagic
108,Macrourus_whitsoni,Fish_BenPel,6,2,4,0.4179758115682486,8.771929824561404e-4,3.975,0.245,0.030818776521558608,modspe,Benthopelagic
109,Macruronus_novaezelandiae,Fish_BenPel,21,10,11,128.46961788467917,0.0010309278350515464,3.74,0.345,0.04703747888206035,modspe,Benthopelagic
110,Notophycis_marginata,Fish_BenPel,6,0,6,0,8.071025020177562e-4,1,0,0.028053787716094018,modspe,Benthopelagic
111,Patagonotothen_cornucola,Fish_BenPel,8,1,7,1.2997571148347173,9.041591320072332e-4,3,0,0.024668543713592943,modspe,Benthopelagic
112,Patagonotothen_elegans,Fish_BenPel,7,1,6,1.0599910329633722,9.009009009009009e-4,3,0,0.0249514201036934,modspe,Benthopelagic
113,Patagonotothen_kreffti,Fish_BenPel,7,1,6,1.1568999719775745,9.017132551848512e-4,3,0,0.022151423375653758,modspe,Benthopelagic
114,Coelorinchus_fasciatus,Fish_Demersal,16,8,8,154.6655229173812,9.84251968503937e-4,3.484,0.451,0.03748893689611306,modspe,Demersal
115,Coelorinchus_kayomaru,Fish_Demersal,3,0,3,0,7.727975270479134e-4,1,0,0.01399201166512453,modspe,Demersal
116,Coelorinchus_marinii,Fish_Demersal,8,5,3,4.945544863990267,9.813542688910696e-4,3.331,0.666,0.03038777478581716,modspe,Demersal
117,Genypterus_blacodes,Fish_Demersal,17,12,5,101.79801161780158,0.001026694045174538,3.881,0.585,0.047200356037184824,modspe,Demersal
118,Guttigadus_kongi,Fish_Demersal,3,0,3,0,7.77000777000777e-4,1,0,0.015875250410047538,modspe,Demersal
119,Salilota_australis,Fish_Demersal,18,13,5,2504.3331612815064,0.0010141987829614604,4.299,0.389,0.053450848730216965,modspe,Demersal
120,Micromesistius_australis,Fish_Pel,39,15,24,964.6475867483005,0.001049317943336831,3.635,1.219,0.03739035000871993,modhub,Pelagic
121,Sprattus_fuegensis,Fish_Pel,42,17,25,413.09635508154986,0.0011402508551881414,3.454,0.688,0.04724532902019955,modspe,Pelagic
122,Ardenna_gravis,SeaBirds,6,6,0,0,9.090909090909091e-4,3.9,0.916,0.05150854253190573,modspe,Land-based
123,Ardenna_grisea,SeaBirds,6,6,0,0,9.090909090909091e-4,3.9,0.916,0.05150854253190573,modspe,Land-based
124,Poecilosclerida,Porifera,17,12,5,37.66930910715541,0.0011001100110011,2.083,0.076,0.07745594757928408,modspe,Benthic
125,Aristias_antarcticus,Amphipoda,1,1,0,0,7.776049766718507e-4,3.083,0,0.006409100879640102,modspe,NA
126,Colossendeis_megalonyx,Benthos_Misc,8,2,6,300.54186507936504,9.199632014719411e-4,3.786,0.285,0.012957153792526965,modcon,Benthic
127,Asbestopluma_sp,Porifera,3,3,0,0,8.025682182985554e-4,3.861,0.436,0.009794873559926712,modcon,Benthic
128,Larvae_Nauplii,Zooplankton,13,7,6,82.65641769507117,0.00102880658436214,2.286,0.204,0.05522922684186529,modcon,Pelagic
129,Oithona_spp,Copepoda,28,12,16,611.7005159844622,0.001092896174863388,2.51,0.408,0.05282964969713505,modcon,NA
130,Ascidia_meridionalis,Ascidiacea,12,10,2,3.184523809523809,0.0010660980810234541,2.1,0.09,0.09311997847809507,modspe,Benthic
131,Astarte_sp,Bivalvia,9,4,5,10.391666666666666,8.787346221441124e-4,2,0,0.053894384491036416,modspe,NA
132,Astrotoma_agassizii,Echinodermata,11,8,3,53.62063492063491,0.0011325028312570782,2.435,0.334,0.0839194296972435,modcon,Benthic
133,Dictyocha_speculum,Silicoflagellates,18,0,18,0,9.49667616334283e-4,1,0,0.026393663098398547,modspe,NA
134,Puncturella_conica,Gastropoda,4,3,1,9.5,9.900990099009901e-4,2.333,0.222,0.07920424451283721,modspe,Benthic
135,Haplosclerida,Porifera,16,11,5,55.64456370251436,0.001098901098901099,2.091,0.083,0.07630169996355761,modcon,Benthic
136,Austrodoris_sp,Gastropoda,5,1,4,27.954727899832264,9.727626459143969e-4,3.091,0,0.02789317434452291,modspe,Benthic
137,Austrofilius_furcatus,Isopoda,1,1,0,0,9.319664492078285e-4,2,0,0.1800492687249633,modspe,NA
138,Austrofilius_sp,Isopoda,1,1,0,0,9.319664492078285e-4,2,0,0.1800492687249633,modspe,NA
139,Austronanus_dentatus,Isopoda,1,1,0,0,9.319664492078285e-4,2,0,0.1800492687249633,modspe,NA
140,Balaenoptera_acutorostrata,MarineMammals_1,13,13,0,0,9.652509652509653e-4,3.575,0.39,0.04835920336774136,modspe,Pelagic
141,Calanus_spp,Zooplankton,36,16,20,530.0624066460507,0.0012406947890818859,2.5,0.375,0.05800927390254967,modhub,Pelagic
142,Clausocalanus_spp,Zooplankton,27,13,14,157.78134096482484,0.0010526315789473684,2.615,0.391,0.04985741983523333,modspe,Pelagic
143,Ctenocalanus_vanus,Copepoda,29,16,13,125.23736640090817,0.001059322033898305,2.696,0.457,0.05307052557906833,modhub,NA
144,Drepanopus_forcipatus,Copepoda,20,7,13,40.78136571355296,0.00102880658436214,2,0,0.04914388731102919,modspe,NA
145,Neocalanus_tonsus,Copepoda,20,7,13,23.598965628490603,0.001026694045174538,2.327,0.272,0.05604536500598153,modspe,NA
146,Rhincalanus_gigas,Copepoda,29,15,14,145.70578864022693,0.0011325028312570782,2.687,0.375,0.04883859044133145,modhub,NA
147,Grimothea_spinosa,Decapoda,10,0,10,0,8.410428931875525e-4,1,0,0.02046618610228733,modspe,NA
148,Balaenoptera_bonaerensis,MarineMammals_1,10,10,0,0,9.345794392523365e-4,3.634,0.142,0.044778933686613405,modspe,Pelagic
149,Balaenoptera_borealis,MarineMammals_1,12,12,0,0,9.551098376313276e-4,3.487,0.321,0.04585041814424269,modspe,Pelagic
150,Balaenoptera_physalus,MarineMammals_1,12,12,0,0,9.551098376313276e-4,3.487,0.321,0.04585041814424269,modspe,Pelagic
151,Balticina_africana,Cnidaria_benthic,10,9,1,15.73611111111111,0.0010351966873706005,2.778,0.395,0.06029645488504887,modspe,NA
152,Bathybiaster_loripes,Echinodermata,5,4,1,28.249999999999996,0.001004016064257028,3.155,0.453,0.06620599720966386,modspe,Benthic
153,Bathyraja_albomaculata,Fish_Chond,11,10,1,57.14442677035466,9.930486593843098e-4,3.875,0.574,0.033334298123355546,modspe,NA
154,Tinerfe_cyanea,Zooplankton,23,7,16,172.16600271273603,0.0011086474501108647,3.256,0.67,0.04678848183236143,modspe,Pelagic
155,Thymops_birsteini,Decapoda,10,1,9,4.456533101045297,9.560229445506692e-4,3,0,0.028446932232788803,modspe,NA
156,Myxine_spp,Fish_Demersal,10,4,6,18.64469268628568,0.0011185682326621924,2.667,0.444,0.059646833887590525,modspe,Demersal
157,Travisia_kerguelensis,Polychaeta,4,2,2,1.524390243902439,0.0010183299389002036,2.5,0.25,0.0824787877199564,modspe,Benthic
158,Iluocoetes_fimbriatus,Fish_Demersal,10,1,9,3.2857142857142856,9.25925925925926e-4,4.256,0,0.040490415379334455,modspe,Demersal
159,Bathyraja_brachyurops,Fish_Chond,35,33,2,528.1454121582435,0.0010857763300760044,3.99,0.69,0.045139544883404235,modspe,NA
160,Lithodes_confundens,Decapoda,14,8,6,225.69833279827373,0.0010548523206751054,3.194,0.651,0.04297458186957035,modcon,NA
161,Lithodes_couesi,Decapoda,13,8,5,131.95606395600493,0.0010298661174047373,3.194,0.651,0.036777342255340524,modcon,NA
162,Lithodes_turkayi,Decapoda,12,7,5,129.7679687179097,0.0010245901639344263,3.222,0.738,0.035161822586002006,modcon,NA
163,Cottoperca_trigloides,Fish_BenPel,20,16,4,665.7,9.813542688910696e-4,3.995,1.056,0.04753773428301116,modspe,Benthopelagic
164,Argeneuthria_varicosa,Gastropoda,1,0,1,0,7.704160246533128e-4,1,0,0.009799622940788537,modspe,Benthic
165,Odontocymbiola_magellanica,Gastropoda,5,2,3,97.8347147950089,9.057971014492754e-4,3.697,0.169,0.017387593675751413,modspe,Benthic
166,Bathyraja_cousseauae,Fish_Chond,4,4,0,0,8.613264427217916e-4,3.5,0.251,0.009603168737915517,modspe,NA
167,Pagurus_forceps,Decapoda,11,3,8,9.044679522062093,0.0011402508551881414,2.333,0.222,0.060507632522184246,modspe,NA
168,Bathyraja_griseocauda,Fish_Chond,29,28,1,0,0.0010615711252653928,3.989,0.55,0.04737332673586427,modspe,NA
169,Bathyraja_multispinis,Fish_Chond,11,10,1,2,9.149130832570906e-4,3.167,0.362,0.01340130933690604,modspe,NA
170,Bathyraja_scaphiops,Fish_Chond,9,8,1,1,9.881422924901185e-4,4.041,0.192,0.035010911627099885,modspe,NA
171,Psammobatis_rudis,Fish_Chond,5,4,1,0,9.124087591240876e-4,3.773,0.305,0.01626136535707003,modspe,NA
172,Bathyraja_macloviana,Fish_Chond,10,10,0,0,8.928571428571428e-4,3.42,0.545,0.008885405511569293,modspe,NA
173,Bryozoa,Bryozoa,15,3,12,34.65863632534354,0.001072961373390558,2,0,0.0442128800802234,modcon,Benthic
174,Caecianiropsis_ectiformis,Isopoda,1,1,0,0,9.319664492078285e-4,2,0,0.1800492687249633,modspe,NA
175,Rhizosolenia_crassa,Diatoms,8,0,8,0,8.688097306689834e-4,1,0,0.024104220094008377,modspe,NA
176,Calcarea,Porifera,9,9,0,0,9.624639076034649e-4,2.111,0.099,0.07053881435457987,modspe,Benthic
177,Callochiton_puniceus,Polyplacophora,3,2,1,0.6190476190476191,9.99000999000999e-4,2.5,0.25,0.0939703199563907,modspe,Benthic
178,Campanularia_sp,Cnidaria_benthic,2,1,1,0.3333333333333333,9.75609756097561e-4,2,0,0.11205776523469436,modspe,NA
179,Campylaspis_spp,Cumacea,10,9,1,0.7096556571346488,0.0010416666666666667,2.793,0.537,0.06757060697322292,modcon,NA
180,Careproctus_sp,Fish_BenPel,7,6,1,0,0.0011049723756906078,2.901,0.681,0.0655205542415335,modspe,Benthopelagic
181,Convexella_magelhaenica,Coral,14,10,4,21.878968253968246,0.0010471204188481676,2.7,0.41,0.05516555856944261,modspe,NA
182,Ceramaster_patagonicus,Echinodermata,4,4,0,0,7.604562737642585e-4,3.529,0.096,0.01211432041169741,modspe,Benthic
183,Ideogorgia_laurae,Coral,6,3,3,3,0.001026694045174538,2,0,0.0743148370427315,modspe,NA
184,Primnoella_scotiae,Coral,13,9,4,20.736111111111107,0.0010482180293501049,2.778,0.395,0.05206071001087138,modspe,NA
185,Primnoisis_antarctica,Coral,14,11,3,19,0.0010449320794148381,2.636,0.413,0.0709093973386984,modspe,NA
186,Chaetopterus_antarcticus,Polychaeta,1,1,0,0,9.319664492078285e-4,2,0,0.1800492687249633,modspe,Benthic
187,Cheiraster_(Luidiaster)_gerlachei,Echinodermata,4,4,0,0,9.823182711198428e-4,3.469,0.847,0.06858338872019064,modspe,Benthic
188,Ophiacantha_sp,Echinodermata,4,1,3,2,8.756567425569177e-4,3,0,0.01579931664833767,modspe,Benthic
189,Ophiacantha_vivipara,Echinodermata,7,6,1,26.990476190476194,8.726003490401396e-4,3.441,0.052,0.025348344674810834,modspe,Benthic
190,Cirratulidae,Polychaeta,5,2,3,2.5386952177847473,0.001075268817204301,2.5,0.25,0.0837309916506333,modspe,Benthic
191,Cladodactyla_crocea,Echinodermata,3,3,0,0,8.424599831508003e-4,2,0,0.07842194279608532,modspe,Benthic
192,Clathria_spp,Porifera,2,1,1,0,9.551098376313276e-4,2,0,0.12109833075272128,modspe,Benthic
193,Clavularia_sp,Coral,6,4,2,6.283333333333333,9.70873786407767e-4,2.25,0.188,0.07007843430858086,modspe,NA
194,Cnemidocarpa_spp,Ascidiacea,12,10,2,3.184523809523809,0.0010660980810234541,2.1,0.09,0.09311997847809507,modspe,Benthic
195,Eggs_Fish,Zooplankton,9,0,9,0,9.45179584120983e-4,1,0,0.03601257028498963,modspe,Pelagic
196,Sabellidae,Polychaeta,8,6,2,193.51130952380956,0.001076426264800861,2.252,0.317,0.09857986956783586,modcon,Benthic
197,Copepodite,Zooplankton,10,9,1,13.956183650182366,8.539709649871904e-4,2.778,0.395,0.036004313438898934,modspe,Pelagic
198,Coperonus_comptus,Isopoda,2,2,0,0,9.794319294809011e-4,2.5,0.25,0.12712832546633368,modspe,NA
199,Cosmasterias_lurida,Echinodermata,12,12,0,0,8.525149190110827e-4,3.321,0.44,0.011527823605485158,modspe,Benthic
200,Pseudechinus_magellanicus,Echinodermata,9,4,5,100.99588744588745,9.442870632672333e-4,2.5,0.25,0.021146877643780534,modspe,Benthic
201,Schizasteridae,Echinodermata,5,1,4,1.3095238095238093,0.001001001001001001,2,0,0.06670961015271057,modspe,Benthic
202,Sterechinus_agassizii,Echinodermata,6,2,4,57.45378787878788,9.000900090009e-4,3.188,0.009,0.015763229775815724,modspe,Benthic
203,Leptochiton_kerguelensis,Polyplacophora,3,2,1,0.6190476190476191,9.99000999000999e-4,2.5,0.25,0.0939703199563907,modspe,Benthic
204,Leptochiton_medinae,Polyplacophora,3,2,1,0.6190476190476191,9.99000999000999e-4,2.5,0.25,0.0939703199563907,modspe,Benthic
205,Nuttallochiton_hyadesi,Polyplacophora,3,2,1,0.6190476190476191,9.99000999000999e-4,2.5,0.25,0.0939703199563907,modspe,Benthic
206,Nuttallochiton_martiali,Polyplacophora,3,2,1,0.6190476190476191,9.99000999000999e-4,2.5,0.25,0.0939703199563907,modspe,Benthic
207,Agonopsis_chiloensis,Fish_BenPel,4,0,4,0,7.974481658692185e-4,1,0,0.01623477852935363,modspe,Benthopelagic
208,Cottunculus_granulosus,Fish_Demersal,10,10,0,0,9.871668311944718e-4,3.866,0.688,0.03230156329920105,modspe,Demersal
209,Tetractinellida,Porifera,6,6,0,0,9.033423667570009e-4,2.167,0.139,0.032543413935619936,modspe,Benthic
210,Cryosignum_sp,Isopoda,1,1,0,0,9.319664492078285e-4,2,0,0.1800492687249633,modspe,NA
211,Pseudosagitta_gazellae,Zooplankton,29,13,16,700.3890647844415,0.0011560693641618498,2.836,0.671,0.055818422506004925,modcon,Pelagic
212,Ctenodiscus_australis,Echinodermata,2,1,1,1,9.372071227741331e-4,2,0,0.11009791768181042,modspe,Benthic
213,Cumella_argentinae,Cumacea,2,1,1,1.472990897990898,8.635578583765112e-4,2,0,0.030909889796664296,modspe,NA
214,Cyclochlamys_argentina,Bivalvia,7,4,3,3.3916666666666666,8.756567425569177e-4,2,0,0.06335420617647286,modspe,NA
215,Cystodytes_antarcticus,Ascidiacea,10,10,0,0,0.0010526315789473684,2.1,0.09,0.10180502762578193,modspe,Benthic
216,Dactylanthus_antarcticus,Cnidaria_benthic,4,3,1,5.494047619047619,8.635578583765112e-4,3.726,0.001,0.017381821805555798,modspe,NA
217,Thouarella_spp,Coral,14,10,4,54.228570378393364,0.0010976948408342481,2.7,0.41,0.056537264449205815,modspe,NA
218,Daption_capense,SeaBirds,11,11,0,0,9.775171065493646e-4,3.554,0.513,0.035158199626036585,modspe,Land-based
219,Tulpa_tulipifera,Cnidaria_benthic,3,1,2,0.6666666666666666,9.84251968503937e-4,2,0,0.08616508995324325,modcon,NA
220,Obelia_spp,Zooplankton,3,1,2,0.6666666666666666,9.84251968503937e-4,2,0,0.08616508995324325,modcon,Pelagic
221,Desmosoma_sp,Isopoda,1,1,0,0,9.319664492078285e-4,2,0,0.1800492687249633,modspe,NA
222,Diastylis_granulata,Cumacea,5,4,1,0.41021979453025137,0.0010799136069114472,2,0,0.13454703242557267,modspe,NA
223,Diastylis_hammoniae,Cumacea,5,4,1,0.41021979453025137,0.0010799136069114472,2,0,0.13454703242557267,modspe,NA
224,Diastylis_planifrons,Cumacea,5,4,1,0.41021979453025137,0.0010799136069114472,2,0,0.13454703242557267,modspe,NA
225,Didemnum_studeri,Ascidiacea,12,10,2,3.184523809523809,0.0010660980810234541,2.1,0.09,0.09311997847809507,modspe,Benthic
226,Diomedea_sp,SeaBirds,6,6,0,0,9.033423667570009e-4,3.957,0.996,0.045643578379519,modspe,Land-based
227,Diplodontias_singularis,Echinodermata,1,1,0,0,7.27802037845706e-4,2,0,0.023975801734609746,modspe,Benthic
228,Diplopteraster_clarki,Echinodermata,4,4,0,0,7.674597083653108e-4,4.067,0.424,0.006294258830420922,modspe,Benthic
229,Idanthyrsus_macropaleus,Polychaeta,1,0,1,0,7.836990595611285e-4,1,0,0.018195465782254873,modspe,Benthic
230,Pogonolycus_elegans,Fish_BenPel,3,0,3,0,7.955449482895784e-4,1,0,0.026972767826910885,modspe,Benthopelagic
231,Melanostigma_gelatinosum,Fish_Demersal,6,3,3,1.4000053161361161,8.833922261484099e-4,3.929,0.168,0.040592673238549065,modspe,Demersal
232,Echinozone_sp,Isopoda,2,2,0,0,9.794319294809011e-4,2.5,0.25,0.12712832546633368,modspe,NA
233,Ekleptostylis_heardi,Cumacea,2,1,1,0.1331038199352852,0.0010298661174047373,2,0,0.1347509569477915,modspe,NA
234,Ekleptostylis_vemae,Cumacea,2,1,1,0.1331038199352852,0.0010298661174047373,2,0,0.1347509569477915,modspe,NA
235,Brachiopoda_spp,Brachiopoda,24,2,22,32.94760146054301,0.0011904761904761906,2,0,0.04606937986664187,modcon,Benthic
236,Eurypodius_longirostris,Decapoda,3,1,2,0.14285714285714285,8.9126559714795e-4,3,0,0.025192497826161914,modspe,NA
237,Paralomis_granulosa,Decapoda,10,8,2,86.28490233244602,9.92063492063492e-4,2.563,0.34,0.02890947271333809,modcon,NA
238,Paralomis_spinosissima,Decapoda,2,1,1,0,8.673026886383347e-4,3,0,0.016770967972495793,modspe,NA
239,Eubalaena_australis,MarineMammals_1,8,8,0,0,9.208103130755065e-4,3.477,0.045,0.03681794413091578,modspe,Pelagic
240,Eudorella_sp,Cumacea,6,4,2,1.0211696519330649,0.0011148272017837235,2,0,0.1322316862056553,modcon,NA
241,Eudyptes_chrysocome,SeaBirds,6,6,0,0,8.968609865470852e-4,4.188,0.169,0.03832021557743256,modspe,Land-based
242,Larvae_Fish,Zooplankton,16,7,9,246.96482634917373,9.615384615384616e-4,2.907,0.511,0.026824266523205305,modspe,Pelagic
243,Eukrohnia_hamata,Zooplankton,7,1,6,9.885470085470086,9.950248756218905e-4,3.907,0,0.04152694188140691,modspe,Pelagic
244,Eunice_pennata,Polychaeta,3,2,1,0.2886952177847476,0.0010515247108307045,2.5,0.25,0.11621002598824637,modspe,Benthic
245,Eurypodius_sp,Decapoda,2,1,1,0.14285714285714285,8.613264427217916e-4,3,0,0.021975833432044577,modspe,NA
246,Falsilunatia_carcellesi,Gastropoda,2,2,0,0,8.285004142502071e-4,3,0,0.012267520451949083,modspe,Benthic
247,Flabellum_spp,Coral,2,1,1,0.35772718312635526,9.910802775024777e-4,2,0,0.11114540529057157,modspe,NA
248,Fuegotrophon_pallidus,Gastropoda,11,11,0,0,8.741258741258741e-4,2.571,0.278,0.012888677658969344,modspe,Benthic
249,Hiatella_sp,Bivalvia,7,4,3,3.3916666666666666,8.756567425569177e-4,2,0,0.06335420617647286,modspe,NA
250,Calliostoma_spp,Gastropoda,4,0,4,0,7.6103500761035e-4,1,0,0.01736307275540703,modspe,Benthic
251,Colpospirella_algida,Gastropoda,3,0,3,0,7.183908045977011e-4,1,0,0.01844034007622398,modspe,Benthic
252,Epitonium_sp,Gastropoda,3,0,3,0,7.183908045977011e-4,1,0,0.01844034007622398,modspe,Benthic
253,Pellilitorina_pellita,Gastropoda,3,0,3,0,7.183908045977011e-4,1,0,0.01844034007622398,modspe,Benthic
254,Fulmarus_glacialoides,SeaBirds,6,6,0,0,9.090909090909091e-4,3.9,0.916,0.05150854253190573,modspe,Land-based
255,Psolus_antarcticus,Echinodermata,3,2,1,0.525,0.001006036217303823,2,0,0.10818249109245846,modcon,Benthic
256,Psolus_patagonicus,Echinodermata,3,2,1,0.525,0.001006036217303823,2,0,0.10818249109245846,modcon,Benthic
257,Psolus_segregatus,Echinodermata,3,2,1,0.525,0.001006036217303823,2,0,0.10818249109245846,modcon,Benthic
258,Mancopsetta_maculata,Fish_Demersal,5,3,2,5.912012987012988,9.225092250922509e-4,2.931,0.438,0.017517807124783777,modspe,Demersal
259,Glabraster_antarctica,Echinodermata,4,4,0,0,0.001017293997965412,2,0,0.13791997397525024,modspe,Benthic
260,Globicephala_melas,MarineMammals_3,9,9,0,0,9.107468123861566e-4,4.421,0.089,0.04457918671356103,modspe,Pelagic
261,Gorgonocephalus_chilensis,Echinodermata,4,2,2,22.999999999999993,9.514747859181732e-4,3.594,0.009,0.02734501795297325,modspe,Benthic
262,Gyrodinium_sp,Dinoflagellates,3,3,0,0,8.424599831508003e-4,2,0,0.07842194279608532,modspe,NA
263,Halichondrida,Porifera,8,7,1,3.333333333333333,8.680555555555555e-4,2.143,0.122,0.0669942561985889,modspe,Benthic
264,Haplocheira_barbimana_robusta,Amphipoda,8,7,1,6.492857142857142,0.001049317943336831,2,0,0.080164874097914,modcon,NA
265,Hemilamprops_chilensis,Cumacea,2,1,1,0.1331038199352852,0.0010298661174047373,2,0,0.1347509569477915,modspe,NA
266,Henricia_obesa,Echinodermata,5,5,0,0,9.514747859181732e-4,2.2,0.16,0.08166491812772664,modspe,Benthic
267,Henricia_studeri,Echinodermata,5,5,0,0,9.514747859181732e-4,2.2,0.16,0.08166491812772664,modspe,Benthic
268,Hexactinellida,Porifera,5,4,1,5,8.984725965858042e-4,2.25,0.188,0.02776544722764674,modspe,Benthic
269,Hippasteria_falklandica,Echinodermata,4,4,0,0,7.604562737642585e-4,3.529,0.096,0.01211432041169741,modspe,Benthic
270,Holostylis_uniramosa,Cumacea,2,1,1,0.1331038199352852,0.0010298661174047373,2,0,0.1347509569477915,modspe,NA
271,Hormathia_pectinata,Cnidaria_benthic,2,1,1,1.7361111111111112,8.503401360544217e-4,3.778,0,0.015632140126177967,modspe,NA
272,Hyalinoecia_artifex,Polychaeta,1,1,0,0,8.417508417508417e-4,3,0,0.020438688508352457,modspe,Benthic
273,Hyperoodon_planifrons,MarineMammals_3,4,4,0,0,8.071025020177562e-4,4.692,0.027,0.03705523543643614,modspe,Pelagic
274,Ianiropsis_sp,Isopoda,1,1,0,0,9.319664492078285e-4,2,0,0.1800492687249633,modspe,NA
275,Ianthopsis_laevis,Isopoda,2,1,1,0.1331038199352852,0.0010298661174047373,2,0,0.1347509569477915,modspe,NA
276,Iathrippa_menziesi,Isopoda,1,1,0,0,9.319664492078285e-4,2,0,0.1800492687249633,modspe,NA
277,Iathrippa_multidens,Isopoda,1,1,0,0,9.319664492078285e-4,2,0,0.1800492687249633,modspe,NA
278,Iathrippa_sp,Isopoda,1,1,0,0,9.319664492078285e-4,2,0,0.1800492687249633,modspe,NA
279,Jassa_alonsoae,Amphipoda,7,3,4,1.8348688131859294,9.80392156862745e-4,2,0,0.07606919340971857,modcon,NA
280,Joeropsis_curvicornis,Isopoda,1,1,0,0,9.319664492078285e-4,2,0,0.1800492687249633,modspe,NA
281,Joeropsis_intermedius,Isopoda,1,1,0,0,9.319664492078285e-4,2,0,0.1800492687249633,modspe,NA
282,Joeropsis_sp,Isopoda,1,1,0,0,9.319664492078285e-4,2,0,0.1800492687249633,modspe,NA
283,Lagenorhynchus_australis,MarineMammals_2,12,12,0,0,9.487666034155598e-4,4.175,0.625,0.03768162711495063,modspe,Benthopelagic
284,Lagenorhynchus_cruciger,MarineMammals_2,2,2,0,0,8.210180623973727e-4,4.462,0,0.02057503722411032,modspe,Benthopelagic
285,Lanice_sp,Polychaeta,1,1,0,0,9.319664492078285e-4,2,0,0.1800492687249633,modspe,Benthic
286,Aega_semicarinata,Isopoda,2,0,2,0,7.662835249042146e-4,1,0,0.00974640960873616,modspe,NA
287,Leptychaster_sp,Echinodermata,1,1,0,0,9.319664492078285e-4,2,0,0.1800492687249633,modspe,Benthic
288,Leucon_septemdentatus,Cumacea,2,1,1,0.1331038199352852,0.0010298661174047373,2,0,0.1347509569477915,modspe,NA
289,Leucothoe_spinicarpa,Amphipoda,2,1,1,0.1615303521451834,0.0010298661174047373,2,0,0.13054177179499973,modspe,NA
290,Limopsis_sp,Bivalvia,7,4,3,6.733333333333334,0.001040582726326743,2,0,0.08601947098325426,modspe,NA
291,Lysasterias_sp,Echinodermata,6,5,1,38.1845238095238,9.970089730807576e-4,3.406,0.781,0.05766952239517092,modspe,Benthic
292,Macronectes_giganteus,SeaBirds,7,7,0,0,9.191176470588235e-4,3.923,0.881,0.05266814636388864,modspe,Land-based
293,Macronectes_halli,SeaBirds,6,6,0,0,9.049773755656109e-4,3.994,0.992,0.05238078659324455,modspe,Land-based
294,Serratosagitta_tasmanica,Zooplankton,6,1,5,3.3854700854700854,9.267840593141798e-4,3.907,0,0.04353603529971628,modspe,Pelagic
295,Salpa_thompsoni,Zooplankton,12,10,2,25.746194368275056,0.001142857142857143,2.59,0.952,0.07479781354626835,modcon,Pelagic
296,Magelona_alleni,Polychaeta,4,4,0,0,0.001017293997965412,2,0,0.13791997397525024,modspe,Benthic
297,Meridiosignum_menziesi,Isopoda,1,1,0,0,9.319664492078285e-4,2,0,0.1800492687249633,modspe,NA
298,Meridiosignum_undulatum,Isopoda,1,1,0,0,9.319664492078285e-4,2,0,0.1800492687249633,modspe,NA
299,Mesoplodon_bowdoini,MarineMammals_3,2,2,0,0,7.92393026941363e-4,4.78,0.021,0.028445585388086277,modspe,Pelagic
300,Mesoplodon_grayi,MarineMammals_3,3,3,0,0,8.032128514056225e-4,4.676,0.035,0.037575273786434514,modspe,Pelagic
301,Mesoplodon_layardii,MarineMammals_3,4,4,0,0,8.071025020177562e-4,4.692,0.027,0.03705523543643614,modspe,Pelagic
302,Moruloidea_darwinii,Isopoda,1,1,0,0,9.319664492078285e-4,2,0,0.1800492687249633,modspe,NA
303,Munna_gallardoi,Isopoda,1,1,0,0,9.319664492078285e-4,2,0,0.1800492687249633,modspe,NA
304,Munna_longipoda,Isopoda,1,1,0,0,9.319664492078285e-4,2,0,0.1800492687249633,modspe,NA
305,Munna_pallida,Isopoda,1,1,0,0,9.319664492078285e-4,2,0,0.1800492687249633,modspe,NA
306,Munnogonium_diplonychia,Isopoda,1,1,0,0,9.319664492078285e-4,2,0,0.1800492687249633,modspe,NA
307,Munnogonium_falklandicum,Isopoda,1,1,0,0,9.319664492078285e-4,2,0,0.1800492687249633,modspe,NA
308,Neasellus_argentinensis,Isopoda,1,1,0,0,9.319664492078285e-4,2,0,0.1800492687249633,modspe,NA
309,Neasellus_bicarinatus,Isopoda,1,1,0,0,9.319664492078285e-4,2,0,0.1800492687249633,modspe,NA
310,Neojaera_antarctica,Isopoda,1,1,0,0,9.319664492078285e-4,2,0,0.1800492687249633,modspe,NA
311,Nothria_anoculata,Polychaeta,2,2,0,0,9.794319294809011e-4,2.5,0.25,0.12712832546633368,modspe,Benthic
312,Notioceramus_anomalus,Echinodermata,6,5,1,208,9.881422924901185e-4,3.223,0.45,0.06254505122253186,modspe,Benthic
313,Oceanites_sp,SeaBirds,13,13,0,0,9.433962264150943e-4,3.553,0.17,0.04175405918357472,modspe,Land-based
314,Odontaster_penicillatus,Echinodermata,7,7,0,0,8.47457627118644e-4,2.943,0.148,0.015017674005778662,modspe,Benthic
315,Pyura_spp,Ascidiacea,12,10,2,3.184523809523809,0.0010660980810234541,2.1,0.09,0.09311997847809507,modspe,Benthic
316,Sycozoa_sigillinoides,Ascidiacea,12,10,2,3.184523809523809,0.0010660980810234541,2.1,0.09,0.09311997847809507,modspe,Benthic
317,Odontaster_sp,Echinodermata,12,11,1,307.5,0.0010471204188481676,2.979,0.279,0.04565895797838046,modspe,Benthic
318,Pteraster_affinis,Echinodermata,3,1,2,1,8.298755186721991e-4,3,0,0.013143480589360514,modspe,Benthic
319,Odontasteridae,Echinodermata,1,1,0,0,7.27802037845706e-4,2,0,0.023975801734609746,modspe,Benthic
320,Oenonidae,Polychaeta,1,1,0,0,0.00077399380804953565,3.51,0,0.007668507679818832,modspe,Benthic
321,Ophiactis_sp,Echinodermata,3,2,1,0,9.319664492078285e-4,1.5,0.625,0.10894237430990814,modspe,Benthic
322,Ophiocten_amitinum,Echinodermata,3,3,0,0,8.424599831508003e-4,2,0,0.07842194279608532,modspe,Benthic
323,Ophiolimna_antarctica,Echinodermata,4,4,0,0,9.354536950420954e-4,2.25,0.188,0.08093546470706421,modspe,Benthic
324,Ophioplinthus_confragosa,Echinodermata,1,1,0,0,6.993006993006993e-4,2,0,0.008146052819836718,modspe,Benthic
325,Ophioplinthus_inornata,Echinodermata,1,1,0,0,6.993006993006993e-4,2,0,0.008146052819836718,modspe,Benthic
326,Ornatoscalpellum_gibberum,Benthos_Misc,3,3,0,0,8.424599831508003e-4,2,0,0.07842194279608532,modspe,Benthic
327,Otaria_flavescens,MarineMammals_2,24,24,0,0,9.891196834817012e-4,4.227,0.86,0.04383535282599291,modspe,Land-based
328,Pachyptila_sp,SeaBirds,14,14,0,0,9.624639076034649e-4,3.606,0.195,0.040640258701982644,modspe,Land-based
329,Parabuccinum_politum,Gastropoda,1,1,0,0,7.27802037845706e-4,2,0,0.023975801734609746,modspe,Benthic
330,Margarella_spp,Gastropoda,2,0,2,0,7.980845969672786e-4,1,0,0.008807760770016231,modspe,Benthic
331,Paramunna_integra,Isopoda,1,1,0,0,9.319664492078285e-4,2,0,0.1800492687249633,modspe,NA
332,Paraonidae,Polychaeta,6,6,0,0,0.0010526315789473684,2.167,0.139,0.1258671578138425,modspe,Benthic
333,Parborlasia_corrugatus,Benthos_Misc,22,21,1,1274.0859350022424,0.0011198208286674132,3.238,0.577,0.030527511639089795,modspe,Benthic
334,Isosicyonis_alba,Cnidaria_benthic,2,0,2,0,8.424599831508003e-4,1,0,0.024456773876278513,modspe,NA
335,Diplasterias_brucei,Echinodermata,1,0,1,0,7.874015748031496e-4,1,0,0.01577173085593076,modspe,Benthic
336,Perknaster_sp,Echinodermata,2,1,1,0,8.285004142502071e-4,3.083,0,0.016256504333144756,modspe,Benthic
337,Latrunculia_sp,Porifera,2,0,2,0,8.058017727639e-4,1,0,0.013178523645731065,modspe,Benthic
338,Tedania_sp,Porifera,2,1,1,0,9.551098376313276e-4,2,0,0.12109833075272128,modspe,Benthic
339,Platytyphlops_sarahae,Cumacea,2,1,1,0.1331038199352852,0.0010298661174047373,2,0,0.1347509569477915,modspe,NA
340,Phoxocephalus_sp,Amphipoda,2,1,1,0.1615303521451834,0.0010298661174047373,2,0,0.13054177179499973,modspe,NA
341,Ophiura_lymani,Echinodermata,1,0,1,0,8.216926869350862e-4,1,0,0.02573645570474349,modspe,Benthic
342,Antarcturidae,Isopoda,1,0,1,0,8.216926869350862e-4,1,0,0.02573645570474349,modspe,NA
343,Pelecanoides_sp,SeaBirds,10,10,0,0,9.345794392523365e-4,3.619,0.12,0.039956858983759364,modspe,Land-based
344,Pentactella_leonina,Echinodermata,4,4,0,0,0.001017293997965412,2,0,0.13791997397525024,modspe,Benthic
345,Pentactella_perrieri,Echinodermata,4,4,0,0,0.001017293997965412,2,0,0.13791997397525024,modspe,Benthic
346,Perknaster_fuscus,Echinodermata,3,3,0,0,9.689922480620155e-4,2.725,0.263,0.08636379279207176,modspe,Benthic
347,Phalacrocorax_atriceps,SeaBirds,7,7,0,0,9.46969696969697e-4,3.954,0.954,0.025785061124607177,modspe,Land-based
348,Pleurosignum_chilense,Isopoda,1,1,0,0,9.319664492078285e-4,2,0,0.1800492687249633,modspe,NA
349,Pleurosignum_magnum,Isopoda,1,1,0,0,9.319664492078285e-4,2,0,0.1800492687249633,modspe,NA
350,Polycitor_glareosus,Ascidiacea,10,10,0,0,0.0010526315789473684,2.1,0.09,0.10180502762578193,modspe,Benthic
351,Polyclinidae,Ascidiacea,7,7,0,0,0.0010214504596527069,2.143,0.122,0.07221066683857698,modspe,Benthic
352,Potamilla_sp,Polychaeta,1,1,0,0,9.319664492078285e-4,2,0,0.1800492687249633,modspe,Benthic
353,Procellaria_aequinoctialis,SeaBirds,8,8,0,0,9.442870632672333e-4,4.06,0.767,0.05647867330053613,modspe,Land-based
354,Prosipho_crassicostatus,Gastropoda,1,1,0,0,7.27802037845706e-4,2,0,0.023975801734609746,modspe,Benthic
355,Protoperidinium_sp,Dinoflagellates,4,4,0,0,8.496176720475786e-4,2.25,0.187,0.07201436017965497,modspe,NA
356,Pseudidothea_miersi,Isopoda,1,1,0,0,9.319664492078285e-4,2,0,0.1800492687249633,modspe,NA
357,Rhodalia_miranda,Cnidaria_benthic,3,2,1,0,8.771929824561404e-4,3.403,0.009,0.012627221431775854,modspe,NA
358,Psychrolutes_marmoratus,Fish_Demersal,26,26,0,0,0.0010504201680672268,3.63,0.93,0.020237368313426176,modcon,Demersal
359,Bolocera_kerguelensis,Cnidaria_benthic,1,0,1,0,7.524454477050414e-4,1,0,0.019105045338942594,modspe,NA
360,Paractis_laevis,Cnidaria_benthic,1,0,1,0,7.524454477050414e-4,1,0,0.019105045338942594,modspe,NA
361,Phelliactis_sp,Cnidaria_benthic,1,0,1,0,7.524454477050414e-4,1,0,0.019105045338942594,modspe,NA
362,Pteraster_sp,Echinodermata,3,3,0,0,8.417508417508417e-4,3.176,0.006,0.006871782394656632,modspe,Benthic
363,Quetzogonium_dentatum,Isopoda,1,1,0,0,9.319664492078285e-4,2,0,0.1800492687249633,modspe,NA
364,Rectarcturus_kophameli,Isopoda,1,1,0,0,9.319664492078285e-4,2,0,0.1800492687249633,modspe,NA
365,Rectarcturus_tuberculatus,Isopoda,1,1,0,0,9.319664492078285e-4,2,0,0.1800492687249633,modspe,NA
366,Santia_compacta,Isopoda,1,1,0,0,9.319664492078285e-4,2,0,0.1800492687249633,modspe,NA
367,Seba_subantarctica,Amphipoda,1,1,0,0,6.711409395973154e-4,3.25,0,0.003220241777386618,modspe,NA
368,Spheniscus_magellanicus,SeaBirds,8,8,0,0,9.025270758122744e-4,3.638,1.078,0.03789890694163105,modspe,Land-based
369,Sporonana_sp,Isopoda,1,1,0,0,9.319664492078285e-4,2,0,0.1800492687249633,modspe,NA
370,Squalus_acanthias,Fish_Chond,3,3,0,0,8.673026886383347e-4,4.443,0.018,0.027778387849357836,modspe,NA
371,Stenothoidae,Amphipoda,1,1,0,0,9.319664492078285e-4,2,0,0.1800492687249633,modspe,NA
372,Tasmacetus_shepherdi,MarineMammals_3,3,3,0,0,8.032128514056225e-4,4.676,0.035,0.037575273786434514,modspe,Pelagic
373,Tectonatica_impervia,Gastropoda,2,2,0,0,8.285004142502071e-4,3,0,0.012267520451949083,modspe,Benthic
374,Thalassarche_chrysostoma,SeaBirds,16,16,0,0,0.0010131712259371835,4.049,0.897,0.04120801488850327,modspe,Land-based
375,Thalassarche_melanophris,SeaBirds,22,22,0,0,0.0010384215991692627,3.839,1.076,0.043337861801642355,modspe,Land-based
376,Tryphosites_chevreuxi,Amphipoda,1,1,0,0,8.210180623973727e-4,4.072,0,0.011072330944934096,modspe,NA
377,Uromunna_nana,Isopoda,1,1,0,0,9.319664492078285e-4,2,0,0.1800492687249633,modspe,NA
378,Uromunna_sp,Isopoda,1,1,0,0,9.319664492078285e-4,2,0,0.1800492687249633,modspe,NA
379,Ziphius_cavirostris,MarineMammals_3,4,4,0,0,8.071025020177562e-4,4.692,0.027,0.03705523543643614,modspe,Pelagic
