ID,TrophicSpecies,FunctionalGroup,TotalDegree,NumPrey,NumPred,Between,Close,TL,Omn,meanTrophicSimil,TopRole
1,Diatoms_centric,Diatoms,61,0,61,0,0.001037344398340249,1,0,0.027322528270294452,modhub
2,Abyssianira_argentenensis,Isopoda,3,3,0,0,7.44047619047619e-4,2,0,0.06380840412003734,modspe
3,Abyssianira_dentifrons,Isopoda,3,3,0,0,7.44047619047619e-4,2,0,0.06380840412003734,modspe
4,Abyssianira_spp,Isopoda,3,3,0,0,7.44047619047619e-4,2,0,0.06380840412003734,modspe
5,Detritus,Non-living,143,0,143,0,0.0012578616352201257,1,0,0.011590000037607094,modhub
6,Acanthoserolis_schythei,Isopoda,7,1,6,2.126238037037441,0.0010330578512396695,2,0,0.07108272410599505,modcon
7,Necromass,Non-living,32,0,32,0,9.319664492078285e-4,1,0,0.017554220126642536,modspe
8,Acodontaster_elongatus,Echinodermata,1,1,0,0,6.807351940095302e-4,2,0,0.024149378488313878,modspe
9,Acodontaster_sp,Echinodermata,1,1,0,0,6.807351940095302e-4,2,0,0.024149378488313878,modspe
10,Eurhomalea_sp,Bivalvia,5,0,5,0,6.91085003455425e-4,1,0,0.023615604655487166,modspe
11,Adelomelon_ancilla,Gastropoda,5,3,2,102.22777777777779,8.375209380234506e-4,3.167,0.774,0.01463512472331038,modspe
12,Fusitriton_magellanicus,Gastropoda,8,5,3,216.29166666666666,7.77000777000777e-4,3.124,0.025,0.007247033148771869,modspe
13,Zygochlamys_patagonica,Bivalvia,20,9,11,220.84122807017542,0.001049317943336831,2.377,0.288,0.05604890794907506,modcon
14,Advenogonium_fuegiae,Isopoda,1,1,0,0,8.396305625524769e-4,2,0,0.19167070797261224,modspe
15,Eteone_aurantiaca,Polychaeta,13,9,4,139.7656118132104,0.0010298661174047373,3.133,0.714,0.05699826228027699,modspe
16,Aglaophamus_virginis,Polychaeta,10,6,4,282.0142551892552,9.208103130755065e-4,3.732,0.387,0.02935558009511557,modspe
17,Eteone_sp,Polychaeta,16,12,4,257.47275467035325,0.0010330578512396695,3.392,0.751,0.05266176317902474,modspe
18,Foraminifera,Foraminifera,37,1,36,26.85468415232566,0.0011173184357541898,2,0,0.03009423501453528,modcon
19,Lumbrineriidae,Polychaeta,3,1,2,11,7.961783439490446e-4,3.5,0,0.01040060703399874,modspe
20,Orbiniidae,Polychaeta,11,5,6,13.166666666666664,8.673026886383347e-4,2.2,0.16,0.04436144467838348,modspe
21,Syllidae,Polychaeta,9,6,3,13.333333333333334,9.46073793755913e-4,2.167,0.139,0.08038779247736798,modspe
22,Alcyonium_antarcticum,Cnidaria,5,3,2,3,8.19672131147541e-4,2,0,0.04902857887678139,modspe
23,Allorostrata_ovalis,Isopoda,1,1,0,0,8.396305625524769e-4,2,0,0.19167070797261224,modspe
24,Allorostrata_scutifrons,Isopoda,1,1,0,0,8.396305625524769e-4,2,0,0.19167070797261224,modspe
25,Amblyraja_georgiana,Fish_Chond,26,26,0,0,9.75609756097561e-4,3.488,0.691,0.027460824340469644,modcon
26,Austrocidaris_canaliculata,Echinodermata,7,2,5,108.12499999999999,8.635578583765112e-4,3.167,0.028,0.026990191790135926,modspe
27,Austrocidaris_spinulosida,Echinodermata,5,0,5,0,7.587253414264037e-4,1,0,0.024021605858170585,modspe
28,Boccardia_sp,Polychaeta,14,7,7,19.78690476190476,9.823182711198428e-4,2.314,0.25,0.06659243598296385,modspe
29,Doryteuthis_gahi,Cephalopoda,42,5,37,2283.883684398359,9.017132551848512e-4,3.42,0.824,0.03185954110357135,modhub
30,Eucranta_sp,Polychaeta,2,0,2,0,7.598784194528875e-4,1,0,0.01825178546688672,modspe
31,Euphausia_spp,Zooplankton,58,13,45,628.0404629988747,0.001098901098901099,2.528,0.338,0.04520942244607228,modhub
32,Harmothoe_sp,Polychaeta,14,8,6,150.88482890826484,0.0010298661174047373,2.474,0.873,0.06454980652965234,modcon
33,Hermadion_magalhaensi,Polychaeta,2,0,2,0,7.598784194528875e-4,1,0,0.01825178546688672,modspe
34,Lepidonotothen_squamifrons,Fish_BenPel,16,9,7,200.8728970948745,9.328358208955224e-4,3.125,0.777,0.030246531892834418,modspe
35,Metepimeria_acanthurus,Amphipoda,2,1,1,1,7.434944237918215e-4,3.25,0,0.010142508447092018,modspe
36,Muraenolepis_marmorata,Fish_BenPel,4,1,3,1.5137426900584794,7.668711656441718e-4,3.485,0,0.02002110634653626,modspe
37,Muraenolepis_orangiensis,Fish_BenPel,3,0,3,0,7.309941520467836e-4,1,0,0.02096869190571395,modspe
38,Muraenolepis_sp,Fish_BenPel,10,3,7,76.4082878324728,8.628127696289905e-4,3.934,0.366,0.0327938779714566,modspe
39,Natatolana_pastorei,Isopoda,3,1,2,2.3,7.92393026941363e-4,2,0,0.03177176006424702,modspe
40,Neoserolis_exigua,Isopoda,7,1,6,2.126238037037441,0.0010330578512396695,2,0,0.07108272410599505,modcon
41,Nephtys_sp,Polychaeta,14,8,6,74.82218789798235,0.001040582726326743,2.841,0.882,0.07719382902643887,modspe
42,Patagonotothen_guntheri,Fish_BenPel,70,58,12,2078.8765250891943,0.0010893246187363835,3.177,0.493,0.03454606891924559,modcon
43,Polydora_sp,Polychaeta,16,10,6,302.3855680868839,9.009009009009009e-4,2.721,0.54,0.04238451767324926,modspe
44,Polyeunoa_laevis,Polychaeta,5,2,3,46.905168854647506,9.746588693957114e-4,2.5,0.25,0.06597771160489556,modspe
45,Spiophanes_sp,Polychaeta,9,3,6,4.092460317460318,9.478672985781991e-4,2.733,0.276,0.05305068231291733,modspe
46,Themisto_gaudichaudii,Amphipoda,41,9,32,341.28561467421764,0.0010615711252653928,2.984,0.499,0.04843129065898851,modspe
47,Trophon_geversianus,Gastropoda,18,14,4,170.73318713450294,9.267840593141798e-4,2.098,0.126,0.025508212787943303,modspe
48,Trophon_ohlini,Gastropoda,17,14,3,149.2331871345029,9.225092250922509e-4,2.098,0.126,0.02544225483995588,modspe
49,Trophon_plicatus,Gastropoda,17,14,3,149.2331871345029,9.225092250922509e-4,2.098,0.126,0.02544225483995588,modspe
50,Ampharete_kerguelensis,Polychaeta,8,6,2,4.418582145171023,0.0010256410256410256,2.167,0.139,0.10335194548854745,modspe
51,Bacteria,Bacteria,22,0,22,0,8.59106529209622e-4,1,0,0.015373330007249851,modspe
52,Anasterias_antarctica,Echinodermata,3,3,0,0,6.798096532970768e-4,3.098,0,0.021239946420195492,modspe
53,Halicarcinus_planatus,Decapoda,7,2,5,178.66588314036179,9.940357852882703e-4,3.366,1.866,0.05331748805043965,modcon
54,Anasterias_sp,Echinodermata,9,9,0,0,8.183306055646482e-4,2.771,0.625,0.008873214883428997,modspe
55,Pagurus_comptus,Decapoda,15,5,10,35.69444979052725,0.0010548523206751054,2,0,0.05225064573391784,modspe
56,Pareuthria_atrata,Gastropoda,2,0,2,0,7.674597083653108e-4,1,0,0.028555665699064238,modspe
57,Pareuthria_fuscata,Gastropoda,2,0,2,0,7.674597083653108e-4,1,0,0.028555665699064238,modspe
58,Pareuthria_venustula,Gastropoda,2,0,2,0,7.674597083653108e-4,1,0,0.028555665699064238,modspe
59,Tonicia_lebruni,Polyplacophora,4,2,2,1.0357142857142856,9.049773755656109e-4,2,0,0.07635010276668514,modspe
60,Turbonilla_strebeli,Gastropoda,2,0,2,0,6.675567423230974e-4,1,0,0.008152661643801554,modspe
61,Anobothrus_sp,Polychaeta,3,1,2,0.42700437596167484,9.75609756097561e-4,2,0,0.10947020115389927,modspe
62,Azadinium_sp,Dinoflagellates,16,0,16,0,8.718395815170009e-4,1,0,0.03717845183595603,modspe
63,Aplidium_falklandicum,Ascidiacea,15,13,2,4.375000000000001,9.478672985781991e-4,2.25,0.212,0.071314302689413,modspe
64,Dinophysis_acuminata,Dinoflagellates,19,0,19,0,9.149130832570906e-4,1,0,0.03799099644265436,modspe
65,Emiliania_huxleyi,Coccolithophorids,15,0,15,0,8.64304235090752e-4,1,0,0.025143213261385133,modspe
66,Gymnodinium_sp,Dinoflagellates,26,5,21,154.6300330104678,9.267840593141798e-4,2,0,0.043955268878216554,modspe
67,Gyrodinium_sp,Dinoflagellates,20,3,17,5.533333333333333,9.182736455463728e-4,2,0,0.050118595883211006,modspe
68,Gyrodinium_spirale,Dinoflagellates,16,0,16,0,8.718395815170009e-4,1,0,0.03717845183595603,modspe
69,Phaeocystis_antarctica,Coccolithophorids,15,0,15,0,8.64304235090752e-4,1,0,0.025143213261385133,modspe
70,Protoperidinium_sp,Dinoflagellates,28,4,24,59.583333333333336,9.746588693957114e-4,2.25,0.187,0.048903374233580876,modspe
71,Aplidium_fuegiense,Ascidiacea,15,13,2,4.375000000000001,9.478672985781991e-4,2.25,0.212,0.071314302689413,modspe
72,Aplidium_globosum,Ascidiacea,16,13,3,10.374999999999998,9.514747859181732e-4,2.25,0.212,0.0682590032868424,modspe
73,Aplidium_meridianum,Ascidiacea,15,13,2,4.375000000000001,9.478672985781991e-4,2.25,0.212,0.071314302689413,modspe
74,Aplidium_polarsterni,Ascidiacea,16,13,3,10.374999999999998,9.514747859181732e-4,2.25,0.212,0.0682590032868424,modspe
75,Appendicularia_spp,Zooplankton,11,8,3,143.7996176367536,9.84251968503937e-4,2.431,0.314,0.04968312408853678,modspe
76,Synechococcus_sp,Phytoplankton_Misc,2,0,2,0,7.423904974016332e-4,1,0,0.007144101001797744,modspe
77,Coelorinchus_fasciatus,Fish_Demersal,16,8,8,217.71484932644321,9.090909090909091e-4,3.363,0.46,0.03620272717127792,modspe
78,Arctocephalus_australis,MarineMammals_2,25,25,0,0,8.920606601248885e-4,3.807,1.144,0.03538092872200739,modspe
79,Coelorinchus_kayomaru,Fish_Demersal,3,0,3,0,7.158196134574087e-4,1,0,0.016567215308746712,modspe
80,Coelorinchus_marinii,Fish_Demersal,8,5,3,5.979175401816911,8.952551477170994e-4,3.279,0.621,0.02909263813007012,modspe
81,Dissostichus_eleginoides,Fish_BenPel,54,30,24,3465.5722846593167,0.0010224948875255625,3.641,0.976,0.03725306637876176,modhub
82,Enteroctopus_megalocyathus,Cephalopoda,30,16,14,681.1788315899042,9.45179584120983e-4,2.934,0.454,0.031509545931054594,modspe
83,Genypterus_blacodes,Fish_Demersal,12,8,4,47.13312326075484,8.368200836820083e-4,3.776,0.582,0.04142401949189421,modspe
84,Guttigadus_kongi,Fish_Demersal,3,0,3,0,7.183908045977011e-4,1,0,0.01870212379930273,modspe
85,Macrourus_carinatus,Fish_BenPel,17,13,4,20.453770107755247,9.090909090909091e-4,3.901,0.511,0.03023603937095895,modspe
86,Macrourus_holotrachys,Fish_BenPel,17,11,6,133.91507317666705,9.416195856873823e-4,3.56,0.472,0.03754510770247724,modspe
87,Macrourus_whitsoni,Fish_BenPel,6,2,4,0.6351073877389667,8.025682182985554e-4,3.974,0.199,0.03194676524515735,modspe
88,Macruronus_novaezelandiae,Fish_BenPel,9,0,9,0,7.593014426727411e-4,1,0,0.023449190771515825,modspe
89,Micromesistius_australis,Fish_Pel,27,5,22,330.58722843714366,8.613264427217916e-4,3.519,0.671,0.031197943614046993,modspe
90,Munida_gregaria,Decapoda,30,2,28,31.753533355643583,0.0010427528675703858,2.5,0.25,0.04211085493794325,modspe
91,Notophycis_marginata,Fish_BenPel,6,0,6,0,7.44047619047619e-4,1,0,0.026300033579235566,modspe
92,Patagonotothen_cornucola,Fish_BenPel,9,3,6,3.125,7.587253414264037e-4,2,0,0.029277544869325666,modspe
93,Patagonotothen_elegans,Fish_BenPel,8,3,5,2.5249999999999995,7.552870090634441e-4,2,0,0.02994951282537657,modspe
94,Patagonotothen_kreffti,Fish_BenPel,8,3,5,2.4749999999999996,7.547169811320754e-4,2,0,0.027908901975475717,modspe
95,Patagonotothen_ramsayi,Fish_BenPel,39,26,13,634.7299059851133,0.0010090817356205853,3.283,0.663,0.04050537774340496,modspe
96,Salilota_australis,Fish_Demersal,18,13,5,2523.2100110808724,9.149130832570906e-4,4.09,0.399,0.04467270970978344,modspe
97,Sprattus_fuegensis,Fish_Pel,40,17,23,453.39588840497544,0.0010204081632653062,3.349,0.549,0.04259578668624556,modspe
98,Ardenna_gravis,SeaBirds,6,6,0,0,8.396305625524769e-4,3.82,0.79,0.04907401740626678,modspe
99,Ardenna_grisea,SeaBirds,6,6,0,0,8.396305625524769e-4,3.82,0.79,0.04907401740626678,modspe
100,Oithona_spp,Zooplankton,28,13,15,758.0201455200528,9.881422924901185e-4,2.466,0.37,0.04514545491734136,modspe
101,Asbestopluma_sp,Porifera,1,1,0,0,7.102272727272727e-4,3.466,0,0.009203171970015474,modspe
102,Astrotoma_agassizii,Echinodermata,10,8,2,67.11111111111111,0.001001001001001001,2.441,0.347,0.07647357670659416,modspe
103,Dictyocha_speculum,Silicoflagellates,12,0,12,0,8.583690987124463e-4,1,0,0.03014295113400151,modspe
104,Puncturella_conica,Gastropoda,4,3,1,54.49999999999999,8.952551477170994e-4,2.333,0.222,0.07498922215827385,modspe
105,Haliclona_sp,Porifera,8,4,4,15.375,9.532888465204957e-4,2,0,0.07829486558548439,modcon
106,Austrodoris_sp,Gastropoda,4,1,3,14.975274725274724,8.496176720475786e-4,3,0,0.017459956828107626,modcon
107,Austrofilius_furcatus,Isopoda,1,1,0,0,8.396305625524769e-4,2,0,0.19167070797261224,modspe
108,Austrofilius_sp,Isopoda,1,1,0,0,8.396305625524769e-4,2,0,0.19167070797261224,modspe
109,Austronanus_dentatus,Isopoda,1,1,0,0,8.396305625524769e-4,2,0,0.19167070797261224,modspe
110,Calanus_spp,Zooplankton,38,20,18,600.5546461148326,0.0011248593925759281,2.263,0.309,0.04745127620600126,modspe
111,Balaenoptera_acutorostrata,MarineMammals_1,13,13,0,0,8.833922261484099e-4,3.489,0.343,0.04847933722548667,modspe
112,Clausocalanus_spp,Zooplankton,31,17,14,159.61465886327235,9.319664492078285e-4,2.309,0.349,0.03805926413600388,modspe
113,Ctenocalanus_vanus,Zooplankton,33,20,13,136.1953974751329,9.398496240601503e-4,2.42,0.45,0.04073656759075868,modspe
114,Drepanopus_forcipatus,Zooplankton,20,7,13,38.016428201783455,9.099181073703367e-4,2.179,0.191,0.03815279113484226,modspe
115,Munida_spinosa,Decapoda,8,0,8,0,7.541478129713424e-4,1,0,0.014331973065098848,modspe
116,Neocalanus_tonsus,Zooplankton,23,10,13,30.191877541570467,9.107468123861566e-4,2.439,0.294,0.045795508031131145,modspe
117,Rhincalanus_gigas,Zooplankton,31,19,12,110.26889532231492,0.0010111223458038423,2.407,0.401,0.038323189194191,modspe
118,Balaenoptera_bonaerensis,MarineMammals_1,10,10,0,0,8.561643835616438e-4,3.534,0.116,0.04787728938675324,modspe
119,Balaenoptera_borealis,MarineMammals_1,12,12,0,0,8.771929824561404e-4,3.404,0.276,0.04765331880889345,modspe
120,Balaenoptera_physalus,MarineMammals_1,12,12,0,0,8.771929824561404e-4,3.404,0.276,0.04765331880889345,modspe
121,Bathybiaster_loripes,Echinodermata,4,4,0,0,8.904719501335708e-4,3.104,0.406,0.06753400763891951,modspe
122,Bathyraja_albomaculata,Fish_Chond,11,10,1,79.27906162464987,8.920606601248885e-4,3.456,0.73,0.027159725827230644,modspe
123,Myxine_australis,Fish_Demersal,8,4,4,4.093722943722943,9.891196834817012e-4,2.5,0.25,0.05537572979900137,modspe
124,Myxine_debueni,Fish_Demersal,8,4,4,4.093722943722943,9.891196834817012e-4,2.5,0.25,0.05537572979900137,modspe
125,Myxine_sp,Fish_Demersal,6,0,6,0,8.319467554076539e-4,1,0,0.020781831102381767,modspe
126,Thymops_birsteini,Decapoda,10,2,8,8.347619047619048,8.123476848090983e-4,2,0,0.02993965722261403,modspe
127,Tinerfe_cyanea,Zooplankton,21,7,14,190.08268069692423,0.001001001001001001,3.15,0.568,0.041658072022011494,modspe
128,Bathyraja_brachyurops,Fish_Chond,34,32,2,621.6058473389356,9.970089730807576e-4,3.576,0.807,0.04015442944386484,modspe
129,Argeneuthria_varicosa,Gastropoda,1,0,1,0,7.147962830593281e-4,1,0,0.011595746727424054,modspe
130,Cottoperca_trigloides,Fish_BenPel,20,16,4,768.5833333333334,8.880994671403197e-4,3.64,1.149,0.039609371506879903,modspe
131,Lithodes_confundens,Decapoda,19,14,5,244.86404706404701,9.633911368015414e-4,2.468,0.632,0.033399671462866765,modspe
132,Lithodes_couesi,Decapoda,19,14,5,244.86404706404701,9.633911368015414e-4,2.468,0.632,0.033399671462866765,modspe
133,Lithodes_turkayi,Decapoda,17,11,6,255.7438089688089,9.587727708533077e-4,2.596,0.729,0.02896390341151375,modspe
134,Maldaniidae,Polychaeta,1,0,1,0,7.147962830593281e-4,1,0,0.011595746727424054,modspe
135,Odontocymbiola_magellanica,Gastropoda,4,2,2,94.47777777777777,8.361204013377926e-4,3.751,0.14,0.01522702105731412,modspe
136,Bathyraja_griseocauda,Fish_Chond,23,22,1,0,9.578544061302681e-4,3.455,0.892,0.04108889412443278,modspe
137,Bathyraja_multispinis,Fish_Chond,1,0,1,0,6.944444444444445e-4,1,0,0.009005966773051774,modspe
138,Bathyraja_scaphiops,Fish_Chond,1,0,1,0,6.944444444444445e-4,1,0,0.009005966773051774,modspe
139,Psammobatis_rudis,Fish_Chond,3,2,1,0,7.733952049497294e-4,3.825,0.106,0.014174889470427046,modspe
140,Bathyraja_macloviana,Fish_Chond,1,1,0,0,7.168458781362007e-4,4.15,0,0.005840176919031683,modspe
141,Caecianiropsis_ectiformis,Isopoda,1,1,0,0,8.396305625524769e-4,2,0,0.19167070797261224,modspe
142,Diatoms_pennate,Diatoms,61,0,61,0,0.0010277492291880781,1,0,0.028646677499856527,modhub
143,Diatoms_benthic,Diatoms,61,0,61,0,0.0010214504596527069,1,0,0.027390543289181685,modhub
144,Rhizosolenia_crassa,Diatoms,5,0,5,0,7.91765637371338e-4,1,0,0.03362647886253677,modspe
145,Cyrtostrombidium_sp,Ciliates,4,0,4,0,7.905138339920949e-4,1,0,0.03336370460415366,modspe
146,Laboea_strobila,Ciliates,4,0,4,0,7.905138339920949e-4,1,0,0.03336370460415366,modspe
147,Lohmanniella_sp,Ciliates,4,0,4,0,7.905138339920949e-4,1,0,0.03336370460415366,modspe
148,Strobilidium_sp,Ciliates,5,1,4,0,8.064516129032258e-4,3,0,0.03278418813706921,modspe
149,Strombidinopsis_sp,Ciliates,4,0,4,0,7.905138339920949e-4,1,0,0.03336370460415366,modspe
150,Strombidium_conicum,Ciliates,4,0,4,0,7.905138339920949e-4,1,0,0.03336370460415366,modspe
151,Strombidium_sp,Ciliates,6,0,6,0,8.058017727639e-4,1,0,0.0326198046007145,modspe
152,Aspidostoma_giganteum,Bryozoa,11,0,11,0,9.082652134423251e-4,1,0,0.021067720267270083,modspe
153,Callochiton_puniceus,Polyplacophora,3,2,1,0.2857142857142857,8.928571428571428e-4,2,0,0.09221791326972108,modspe
154,Campylaspis_bacescui,Cumacea,10,9,1,0.5686368699526594,9.514747859181732e-4,2.734,0.437,0.06438256860121919,modspe
155,Campylaspis_frigida,Cumacea,10,9,1,0.5686368699526594,9.514747859181732e-4,2.734,0.437,0.06438256860121919,modspe
156,Campylonotus_vagans,Decapoda,4,1,3,1.171116743236902,9.569377990430622e-4,2,0,0.07505507874668157,modspe
157,Careproctus_sp,Fish_BenPel,8,7,1,0,0.0010256410256410256,2.906,0.564,0.05925830940508933,modspe
158,Octocorals,Cnidaria,3,0,3,0,6.341154090044388e-4,1,0,0.0025298908334777334,modspe
159,Ceramaster_patagonicus,Echinodermata,1,1,0,0,5.068423720223011e-4,2,0,0.00628140703517588,modspe
160,Chaetopterus_antarcticus,Polychaeta,1,1,0,0,8.396305625524769e-4,2,0,0.19167070797261224,modspe
161,Cheiraster_(Luidiaster)_gerlachei,Echinodermata,4,4,0,0,8.703220191470844e-4,2.86,0.779,0.06566377947096269,modspe
162,Ophiacantha_sp,Echinodermata,3,1,2,1.5,7.91765637371338e-4,3,0,0.014095315915076482,modspe
163,Ophiacantha_vivipara,Echinodermata,1,0,1,0,6.472491909385113e-4,1,0,0.0036189104028300006,modspe
164,Cirratulidae,Polychaeta,5,2,3,2.5364875359661854,9.794319294809011e-4,2.5,0.25,0.08065107069177138,modspe
165,Cladodactyla_crocea,Echinodermata,3,3,0,0,7.44047619047619e-4,2,0,0.06380840412003734,modspe
166,Clavularia_sp,Cnidaria,6,4,2,6.583333333333333,8.81057268722467e-4,2.25,0.187,0.05783992991493025,modspe
167,Cnemidocarpa_verrucosa,Ascidiacea,15,13,2,4.375000000000001,9.478672985781991e-4,2.25,0.212,0.071314302689413,modspe
168,Eggs_Fish,Zooplankton,9,0,9,0,8.81057268722467e-4,1,0,0.03704648574186649,modspe
169,Pagurus_forceps,Decapoda,12,5,7,14.029207675806484,0.0010309278350515464,2,0,0.05289148390685846,modspe
170,Glycera_capitata,Polychaeta,6,4,2,132.55555555555554,9.025270758122744e-4,3.335,0.735,0.053916888192518324,modspe
171,Colossendeis_megalonyx,Benthos_Misc,7,2,5,274.90793650793654,8.438818565400844e-4,3.79,0.298,0.013997168079407167,modcon
172,Sabellidae,Polychaeta,8,6,2,211.08055555555558,9.615384615384616e-4,2.244,0.298,0.08401550067353201,modspe
173,Coperonus_comptus,Isopoda,2,2,0,0,8.81057268722467e-4,2.5,0.25,0.1260859154355321,modspe
174,Cosmasterias_lurida,Echinodermata,12,12,0,0,8e-4,3.046,0.399,0.010896530098880239,modhub
175,Leptochiton_kerguelensis,Polyplacophora,3,2,1,0.2857142857142857,8.928571428571428e-4,2,0,0.09221791326972108,modspe
176,Leptochiton_medinae,Polyplacophora,3,2,1,0.2857142857142857,8.928571428571428e-4,2,0,0.09221791326972108,modspe
177,Nuttallochiton_hyadesi,Polyplacophora,3,2,1,0.2857142857142857,8.928571428571428e-4,2,0,0.09221791326972108,modspe
178,Nuttallochiton_martiali,Polyplacophora,3,2,1,0.2857142857142857,8.928571428571428e-4,2,0,0.09221791326972108,modspe
179,Pseudechinus_magellanicus,Echinodermata,10,5,5,96.8095238095238,8.673026886383347e-4,2.2,0.16,0.022277706027288718,modspe
180,Schizasteridae,Echinodermata,5,1,4,3.142857142857143,9.208103130755065e-4,2,0,0.0706744717414285,modspe
181,Sterechinus_agassizii,Echinodermata,6,2,4,127.26639194139193,8.347245409015025e-4,3.188,0.036,0.02022766896704778,modspe
182,Agonopsis_chiloensis,Fish_BenPel,4,0,4,0,7.451564828614009e-4,1,0,0.01637093758878462,modspe
183,Iluocoetes_fimbriatus,Fish_Demersal,8,1,7,1.5595238095238095,8.250825082508251e-4,4.15,0,0.02930297906745795,modspe
184,Cottunculus_granulosus,Fish_Demersal,10,10,0,0,8.904719501335708e-4,3.54,0.619,0.02405290279969694,modspe
185,Cryosignum_sp,Isopoda,1,1,0,0,8.396305625524769e-4,2,0,0.19167070797261224,modspe
186,Pelagobia_longicirrata,Polychaeta,13,6,7,69.77150288283723,9.099181073703367e-4,2.485,0.617,0.034822420176821585,modspe
187,Pseudosagitta_gazellae,Zooplankton,32,16,16,874.4786300733365,0.0010362694300518134,2.661,0.476,0.04800890895771979,modspe
188,Ctenodiscus_australis,Echinodermata,3,2,1,4.069444444444445,8.888888888888889e-4,2.688,0.474,0.08483739056240153,modspe
189,Cumella_argentinae,Cumacea,2,1,1,1.323015873015873,7.942811755361397e-4,2,0,0.03032342690147936,modspe
190,Cystodytes_antarcticus,Ascidiacea,12,12,0,0,9.25925925925926e-4,2.271,0.224,0.07204479243689442,modspe
191,Coccolithophorids,Coccolithophorids,1,0,1,0,6.775067750677507e-4,1,0,0.0035262193051246167,modspe
192,Convexella_magelhaenica,Cnidaria,1,0,1,0,5.512679162072767e-4,1,0,0.010134003350083753,modspe
193,Dactylanthus_antarcticus,Cnidaria,8,7,1,7,7.052186177715092e-4,2,0,0.009655167521786422,modspe
194,Primnoella_scotiae,Cnidaria,1,0,1,0,5.512679162072767e-4,1,0,0.010134003350083753,modspe
195,Thouarella_antarctica,Cnidaria,4,0,4,0,7.112375533428165e-4,1,0,0.021360562859969245,modspe
196,Thouarella_chilensis,Cnidaria,4,0,4,0,7.112375533428165e-4,1,0,0.021360562859969245,modspe
197,Thouarella_sp1,Cnidaria,1,0,1,0,5.512679162072767e-4,1,0,0.010134003350083753,modspe
198,Thouarella_variabilis,Cnidaria,4,0,4,0,7.112375533428165e-4,1,0,0.021360562859969245,modspe
199,Thouarella_viridis,Cnidaria,4,0,4,0,7.112375533428165e-4,1,0,0.021360562859969245,modspe
200,Daption_capense,SeaBirds,12,12,0,0,9.115770282588879e-4,3.196,0.852,0.032911314707339906,modcon
201,Campanularia_sp,Cnidaria,1,0,1,0,6.697923643670462e-4,1,0,0.00696433757385824,modspe
202,Obelia_longissima,Cnidaria,3,1,2,1.5,8.920606601248885e-4,2,0,0.08620990795877853,modcon
203,Obelia_sp,Cnidaria,2,0,2,0,6.765899864682003e-4,1,0,0.009788636297110402,modspe
204,Tulpa_tulipifera,Cnidaria,2,0,2,0,6.765899864682003e-4,1,0,0.009788636297110402,modspe
205,Desmosoma_sp,Isopoda,1,1,0,0,8.396305625524769e-4,2,0,0.19167070797261224,modspe
206,Diastylis_granulata,Cumacea,5,4,1,0.4690438198382587,9.823182711198428e-4,2,0,0.12254265643510483,modspe
207,Diastylis_hammoniae,Cumacea,5,4,1,0.4690438198382587,9.823182711198428e-4,2,0,0.12254265643510483,modspe
208,Diastylis_planifrons,Cumacea,5,4,1,0.4690438198382587,9.823182711198428e-4,2,0,0.12254265643510483,modspe
209,Diomedea_sp,SeaBirds,6,6,0,0,8.347245409015025e-4,3.856,0.833,0.043682843678171934,modspe
210,Diplodontias_singularis,Echinodermata,1,1,0,0,6.807351940095302e-4,2,0,0.024149378488313878,modspe
211,Diplopteraster_clarki,Echinodermata,4,4,0,0,7.072135785007072e-4,4.183,0.143,0.006154369543332893,modspe
212,Idanthyrsus_macropaleus,Polychaeta,1,0,1,0,7.27802037845706e-4,1,0,0.01834207164105609,modspe
213,Melanostigma_gelatinosum,Fish_Demersal,5,3,2,1.68071192546999,8.045052292839903e-4,3.87,0.155,0.03441245536025147,modspe
214,Pogonolycus_elegans,Fish_BenPel,2,0,2,0,7.304601899196494e-4,1,0,0.018120982772363195,modspe
215,Eatoniella_denticula,Gastropoda,1,1,0,0,8.396305625524769e-4,2,0,0.19167070797261224,modspe
216,Eatoniella_occulta,Gastropoda,1,1,0,0,8.396305625524769e-4,2,0,0.19167070797261224,modspe
217,Eatoniella_strebeli,Gastropoda,1,1,0,0,8.396305625524769e-4,2,0,0.19167070797261224,modspe
218,Echinozone_sp,Isopoda,2,2,0,0,8.81057268722467e-4,2.5,0.25,0.1260859154355321,modspe
219,Ekleptostylis_heardi,Cumacea,2,1,1,0.16469266417131365,9.523809523809524e-4,2,0,0.13853027302488194,modspe
220,Ekleptostylis_vemae,Cumacea,2,1,1,0.16469266417131365,9.523809523809524e-4,2,0,0.13853027302488194,modspe
221,Eurypodius_latreillii,Decapoda,6,4,2,0.4523809523809524,8.012820512820513e-4,2.375,0.422,0.03119912815948196,modspe
222,Eurypodius_longirostris,Decapoda,5,3,2,0.4523809523809524,7.57002271006813e-4,2,0,0.030253621809877288,modspe
223,Liothyrella_uva,Brachiopoda,23,0,23,0,9.354536950420954e-4,1,0,0.02948945487566023,modhub
224,Magellania_venosa,Brachiopoda,21,0,21,0,9.328358208955224e-4,1,0,0.030221340787443672,modspe
225,Paralomis_granulosa,Decapoda,15,13,2,157.91532911532911,9.115770282588879e-4,2.169,0.159,0.02576919075278496,modspe
226,Paralomis_spinosissima,Decapoda,3,2,1,0,7.262164124909223e-4,2,0,0.019130802282664897,modspe
227,Sympagurus_dimorphus,Decapoda,3,1,2,1.2472424711997698,9.794319294809011e-4,2,0,0.10778514424799457,modspe
228,Terebratella_dorsata,Brachiopoda,23,0,23,0,9.354536950420954e-4,1,0,0.02948945487566023,modhub
229,Eunereis_patagonica,Polychaeta,12,7,5,104.99097792861447,0.0010121457489878543,3.087,0.544,0.05791781823015901,modspe
230,Nicon_maculata,Polychaeta,12,7,5,104.99097792861447,0.0010121457489878543,3.087,0.544,0.05791781823015901,modspe
231,Glycera_papillosa,Polychaeta,5,4,1,3.333333333333333,8.8261253309797e-4,3.335,0.735,0.060369583785918994,modspe
232,Eubalaena_australis,MarineMammals_1,8,8,0,0,8.46740050804403e-4,3.376,0.012,0.042395557199362735,modspe
233,Eudorella_sp,Cumacea,5,4,1,0.4690438198382587,9.823182711198428e-4,2,0,0.12254265643510483,modspe
234,Eudyptes_chrysocome,SeaBirds,6,6,0,0,8.216926869350862e-4,4,0.137,0.034726089684911546,modspe
235,Larvae_Fish,Zooplankton,15,7,8,224.29696589959747,8.8261253309797e-4,2.615,0.549,0.02422431079563113,modspe
236,Eukrohnia_hamata,Zooplankton,5,1,4,2.1019607843137256,8.237232289950577e-4,3.615,0,0.033231634472217095,modspe
237,Eunice_pennata,Polychaeta,3,2,1,0.2864875359661855,9.671179883945841e-4,2.5,0.25,0.11463644481890539,modspe
238,Larvae_Nauplii,Zooplankton,12,7,5,102.10225038119775,9.302325581395349e-4,2.143,0.122,0.047322131212798414,modspe
239,Eurypodius_sp,Decapoda,4,3,1,0.4523809523809524,7.326007326007326e-4,2,0,0.027297744836414176,modspe
240,Astarte_sp,Bivalvia,6,0,6,0,6.825938566552901e-4,1,0,0.020916740530080843,modspe
241,Falsilunatia_carcellesi,Gastropoda,4,4,0,0,6.854009595613434e-4,2,0,0.018753909243120002,modspe
242,Fuegotrophon_pallidus,Gastropoda,14,14,0,0,8.136696501220504e-4,2.098,0.126,0.017322337311844467,modspe
243,Calliostoma_modestulum,Gastropoda,5,0,5,0,7.183908045977011e-4,1,0,0.02612984072839393,modspe
244,Calliostoma_moebiusi,Gastropoda,5,0,5,0,7.183908045977011e-4,1,0,0.02612984072839393,modspe
245,Colpospirella_algida,Gastropoda,4,0,4,0,6.807351940095302e-4,1,0,0.026613745053771273,modspe
246,Cyclochlamys_argentina,Bivalvia,4,0,4,0,6.807351940095302e-4,1,0,0.026613745053771273,modspe
247,Epitonium_sp,Gastropoda,4,0,4,0,6.807351940095302e-4,1,0,0.026613745053771273,modspe
248,Hiatella_sp,Bivalvia,4,0,4,0,6.807351940095302e-4,1,0,0.026613745053771273,modspe
249,Odostomia_sp,Gastropoda,5,0,5,0,7.077140835102619e-4,1,0,0.024426928565078897,modspe
250,Pellilitorina_pellita,Gastropoda,4,0,4,0,6.807351940095302e-4,1,0,0.026613745053771273,modspe
251,Fulmarus_glacialoides,SeaBirds,6,6,0,0,8.396305625524769e-4,3.82,0.79,0.04907401740626678,modspe
252,Psolus_antarcticus,Echinodermata,3,2,1,0.525,8.904719501335708e-4,2,0,0.10276319433308208,modcon
253,Psolus_patagonicus,Echinodermata,3,2,1,0.525,8.904719501335708e-4,2,0,0.10276319433308208,modcon
254,Psolus_segregatus,Echinodermata,3,2,1,0.525,8.904719501335708e-4,2,0,0.10276319433308208,modcon
255,Mancopsetta_maculata,Fish_Demersal,5,3,2,8.409126984126985,8.46740050804403e-4,2.947,0.456,0.01678982580294597,modspe
256,Glabraster_antarctica,Echinodermata,4,4,0,0,9.017132551848512e-4,2,0,0.12373258996667558,modspe
257,Globicephala_melas,MarineMammals_3,9,9,0,0,8.257638315441783e-4,3.731,0.674,0.038102728499142646,modspe
258,Burdwoodipora_paguricola,Bryozoa,5,0,5,0,8.984725965858042e-4,1,0,0.03019500676844639,modspe
259,Hemilamprops_chilensis,Cumacea,2,1,1,0.16469266417131365,9.523809523809524e-4,2,0,0.13853027302488194,modspe
260,Hippasteria_falklandica,Echinodermata,1,1,0,0,5.068423720223011e-4,2,0,0.00628140703517588,modspe
261,Holostylis_uniramosa,Cumacea,2,1,1,0.16469266417131365,9.523809523809524e-4,2,0,0.13853027302488194,modspe
262,Anthoptilum_grandiflorum,Cnidaria,1,0,1,0,5.434782608695652e-4,1,0,0.005108877721943048,modspe
263,Hormathia_pectinata,Cnidaria,3,2,1,2,6.925207756232687e-4,2,0,0.013829286859710214,modspe
264,Halipteris_africana,Cnidaria,1,0,1,0,5.434782608695652e-4,1,0,0.005108877721943048,modspe
265,Hyalinoecia_artifex,Polychaeta,1,1,0,0,7.74593338497289e-4,3,0,0.016898369773563317,modspe
266,Hyperoodon_planifrons,MarineMammals_3,4,4,0,0,7.434944237918215e-4,3.895,1.203,0.03227925419592151,modspe
267,Ianiropsis_sp,Isopoda,1,1,0,0,8.396305625524769e-4,2,0,0.19167070797261224,modspe
268,Ianthopsis_laevis,Isopoda,2,1,1,0.16469266417131365,9.523809523809524e-4,2,0,0.13853027302488194,modspe
269,Iathrippa_menziesi,Isopoda,1,1,0,0,8.396305625524769e-4,2,0,0.19167070797261224,modspe
270,Iathrippa_multidens,Isopoda,1,1,0,0,8.396305625524769e-4,2,0,0.19167070797261224,modspe
271,Iathrippa_sp,Isopoda,1,1,0,0,8.396305625524769e-4,2,0,0.19167070797261224,modspe
272,Isodictya_sp,Porifera,2,1,1,1,7.022471910112359e-4,2,0,0.010251109820648691,modspe
273,Joeropsis_curvicornis,Isopoda,1,1,0,0,8.396305625524769e-4,2,0,0.19167070797261224,modspe
274,Joeropsis_intermedius,Isopoda,1,1,0,0,8.396305625524769e-4,2,0,0.19167070797261224,modspe
275,Joeropsis_sp,Isopoda,1,1,0,0,8.396305625524769e-4,2,0,0.19167070797261224,modspe
276,Laetmonice_producta,Polychaeta,7,6,1,62.90037593984963,9.541984732824427e-4,2.798,1.327,0.08439707028946823,modspe
277,Lagenorhynchus_australis,MarineMammals_2,12,12,0,0,8.55431993156544e-4,3.807,0.775,0.032507290920327205,modspe
278,Lagenorhynchus_cruciger,MarineMammals_2,2,2,0,0,7.507507507507507e-4,4.385,0.001,0.019611720993774333,modspe
279,Lanice_sp,Polychaeta,1,1,0,0,8.396305625524769e-4,2,0,0.19167070797261224,modspe
280,Copepodite,Zooplankton,1,0,1,0,6.540222367560497e-4,1,0,0.00531613435550644,modspe
281,Aega_semicarinata,Isopoda,2,0,2,0,7.189072609633358e-4,1,0,0.009726597049919614,modspe
282,Leptychaster_sp,Echinodermata,1,1,0,0,8.396305625524769e-4,2,0,0.19167070797261224,modspe
283,Leucon_septemdentatus,Cumacea,2,1,1,0.16469266417131365,9.523809523809524e-4,2,0,0.13853027302488194,modspe
284,Limopsis_sp,Bivalvia,5,4,1,4,9.033423667570009e-4,2,0,0.08597711050022241,modspe
285,Liotella_crassicostata,Gastropoda,1,1,0,0,8.396305625524769e-4,2,0,0.19167070797261224,modspe
286,Thouarella_sp,Cnidaria,3,0,3,0,7.002801120448179e-4,1,0,0.01850715510029531,modspe
287,Macronectes_giganteus,SeaBirds,7,7,0,0,8.517887563884157e-4,3.851,0.757,0.04859618248396746,modspe
288,Macronectes_halli,SeaBirds,6,6,0,0,8.375209380234506e-4,3.909,0.859,0.04834900385114693,modspe
289,Serratosagitta_tasmanica,Zooplankton,5,1,4,2.1019607843137256,8.237232289950577e-4,3.615,0,0.033231634472217095,modspe
290,Magelona_alleni,Polychaeta,4,4,0,0,9.017132551848512e-4,2,0,0.12373258996667558,modspe
291,Meridiosignum_menziesi,Isopoda,1,1,0,0,8.396305625524769e-4,2,0,0.19167070797261224,modspe
292,Meridiosignum_undulatum,Isopoda,1,1,0,0,8.396305625524769e-4,2,0,0.19167070797261224,modspe
293,Mesoplodon_bowdoini,MarineMammals_3,2,2,0,0,7.331378299120235e-4,4.58,0.004,0.024487105107817635,modspe
294,Mesoplodon_grayi,MarineMammals_3,3,3,0,0,7.429420505200594e-4,4.527,0.008,0.03353875081569585,modspe
295,Mesoplodon_layardii,MarineMammals_3,4,4,0,0,7.434944237918215e-4,3.895,1.203,0.03227925419592151,modspe
296,Moruloidea_darwinii,Isopoda,1,1,0,0,8.396305625524769e-4,2,0,0.19167070797261224,modspe
297,Munna_gallardoi,Isopoda,1,1,0,0,8.396305625524769e-4,2,0,0.19167070797261224,modspe
298,Munna_longipoda,Isopoda,1,1,0,0,8.396305625524769e-4,2,0,0.19167070797261224,modspe
299,Munna_pallida,Isopoda,1,1,0,0,8.396305625524769e-4,2,0,0.19167070797261224,modspe
300,Munnogonium_diplonychia,Isopoda,1,1,0,0,8.396305625524769e-4,2,0,0.19167070797261224,modspe
301,Munnogonium_falklandicum,Isopoda,1,1,0,0,8.396305625524769e-4,2,0,0.19167070797261224,modspe
302,Mycale_sp,Porifera,8,4,4,9.875,9.216589861751152e-4,2,0,0.07742285776727531,modspe
303,Neasellus_argentinensis,Isopoda,1,1,0,0,8.396305625524769e-4,2,0,0.19167070797261224,modspe
304,Neasellus_bicarinatus,Isopoda,1,1,0,0,8.396305625524769e-4,2,0,0.19167070797261224,modspe
305,Neojaera_antarctica,Isopoda,1,1,0,0,8.396305625524769e-4,2,0,0.19167070797261224,modspe
306,Nicolea_chilensis,Polychaeta,1,1,0,0,8.396305625524769e-4,2,0,0.19167070797261224,modspe
307,Nothria_anoculata,Polychaeta,2,2,0,0,8.81057268722467e-4,2.5,0.25,0.1260859154355321,modspe
308,Notioceramus_anomalus,Echinodermata,2,2,0,0,8.438818565400844e-4,2,0,0.1129632286181285,modspe
309,Oceanites_sp,SeaBirds,14,14,0,0,8.665511265164644e-4,3.291,0.39,0.04251758585521225,modspe
310,Odontaster_penicillatus,Echinodermata,14,14,0,0,7.880220646178094e-4,2.536,0.383,0.01424734805365539,modspe
311,Ascidia_meridionalis,Ascidiacea,2,0,2,0,6.854009595613434e-4,1,0,0.02112646566164154,modspe
312,Cnemidocarpa_drygalskii,Ascidiacea,2,0,2,0,6.854009595613434e-4,1,0,0.02112646566164154,modspe
313,Cnemidocarpa_nordenskj√∂ldi,Ascidiacea,2,0,2,0,6.854009595613434e-4,1,0,0.02112646566164154,modspe
314,Didemnum_studeri,Ascidiacea,2,0,2,0,6.854009595613434e-4,1,0,0.02112646566164154,modspe
315,Pyura_paessleri,Ascidiacea,2,0,2,0,6.854009595613434e-4,1,0,0.02112646566164154,modspe
316,Pyura_pilosa,Ascidiacea,2,0,2,0,6.854009595613434e-4,1,0,0.02112646566164154,modspe
317,Sycozoa_sigillinoides,Ascidiacea,2,0,2,0,6.854009595613434e-4,1,0,0.02112646566164154,modspe
318,Odontaster_sp,Echinodermata,18,18,0,0,9.389671361502347e-4,2.639,0.446,0.031166171946919348,modspe
319,Odontasteridae,Echinodermata,1,1,0,0,6.807351940095302e-4,2,0,0.024149378488313878,modspe
320,Oenonidae,Polychaeta,1,1,0,0,7.102272727272727e-4,3.466,0,0.009203171970015474,modspe
321,Onoba_algida,Gastropoda,1,1,0,0,8.396305625524769e-4,2,0,0.19167070797261224,modspe
322,Onoba_antleri,Gastropoda,1,1,0,0,8.396305625524769e-4,2,0,0.19167070797261224,modspe
323,Onoba_fuegoensis,Gastropoda,1,1,0,0,8.396305625524769e-4,2,0,0.19167070797261224,modspe
324,Onuphis_pseudoiridescens,Polychaeta,1,1,0,0,8.396305625524769e-4,2,0,0.19167070797261224,modspe
325,Ophiactis_sp,Echinodermata,3,2,1,0,8.396305625524769e-4,1.5,0.625,0.11046811415693364,modspe
326,Ophiocten_amitinum,Echinodermata,3,3,0,0,7.44047619047619e-4,2,0,0.06380840412003734,modspe
327,Ophiolimna_antarctica,Echinodermata,4,4,0,0,8.319467554076539e-4,2.25,0.187,0.06446510536226767,modspe
328,Ophioplinthus_confragosa,Echinodermata,1,1,0,0,6.406149903907751e-4,2,0,0.0062338986401147805,modspe
329,Ophioplinthus_inornata,Echinodermata,1,1,0,0,6.406149903907751e-4,2,0,0.0062338986401147805,modspe
330,Ornatoscalpellum_gibberum,Benthos_Misc,3,3,0,0,7.44047619047619e-4,2,0,0.06380840412003734,modspe
331,Amblyraja_doellojuradoi,Fish_Chond,1,0,1,0,6.600660066006601e-4,1,0,0.009610352492123438,modspe
332,Otaria_flavescens,MarineMammals_2,26,26,0,0,8.936550491510277e-4,3.738,1.221,0.034485881325878334,modspe
333,Pachyptila_sp,SeaBirds,14,14,0,0,8.8261253309797e-4,3.534,0.183,0.042594810271256785,modspe
334,Jassa_alonsoae,Amphipoda,6,3,3,1.4126844890002785,8.532423208191126e-4,2,0,0.06091844598384089,modspe
335,Polycheria_spp,Amphipoda,5,4,1,0.6583333333333333,9.090909090909091e-4,2,0,0.10638320380284988,modspe
336,Parabuccinum_politum,Gastropoda,1,1,0,0,6.807351940095302e-4,2,0,0.024149378488313878,modspe
337,Margarella_expansa,Gastropoda,2,0,2,0,7.473841554559044e-4,1,0,0.011095829551739128,modspe
338,Margarella_violacea,Gastropoda,1,0,1,0,6.697923643670462e-4,1,0,0.006667490232617217,modspe
339,Paramunna_integra,Isopoda,1,1,0,0,8.396305625524769e-4,2,0,0.19167070797261224,modspe
340,Paraonidae,Polychaeta,6,6,0,0,9.25925925925926e-4,2.167,0.139,0.10619344306421291,modspe
341,Platytyphlops_sarahae,Cumacea,2,1,1,0.16469266417131365,9.523809523809524e-4,2,0,0.13853027302488194,modspe
342,Pelecanoides_sp,SeaBirds,10,10,0,0,8.56898029134533e-4,3.536,0.119,0.04339153664628679,modspe
343,Pentactella_leonina,Echinodermata,4,4,0,0,9.017132551848512e-4,2,0,0.12373258996667558,modspe
344,Pentactella_perrieri,Echinodermata,4,4,0,0,9.017132551848512e-4,2,0,0.12373258996667558,modspe
345,Perknaster_fuscus,Echinodermata,4,4,0,0,8.59106529209622e-4,2.75,0.188,0.06663072654734487,modspe
346,Perknaster_sp,Echinodermata,1,1,0,0,6.752194463200541e-4,3,0,0.00593399218697843,modspe
347,Phalacrocorax_atriceps,SeaBirds,9,9,0,0,8.163265306122449e-4,3.318,1.455,0.02693838951205005,modspe
348,Pista_corrientis,Polychaeta,1,1,0,0,8.396305625524769e-4,2,0,0.19167070797261224,modspe
349,Pista_mirabilis,Polychaeta,1,1,0,0,8.396305625524769e-4,2,0,0.19167070797261224,modspe
350,Pista_sp,Polychaeta,1,1,0,0,8.396305625524769e-4,2,0,0.19167070797261224,modspe
351,Pleurosignum_chilense,Isopoda,1,1,0,0,8.396305625524769e-4,2,0,0.19167070797261224,modspe
352,Pleurosignum_magnum,Isopoda,1,1,0,0,8.396305625524769e-4,2,0,0.19167070797261224,modspe
353,Polyclinidae,Ascidiacea,10,10,0,0,9.041591320072332e-4,2.325,0.251,0.053265444420285794,modspe
354,Potamilla_sp,Polychaeta,1,1,0,0,8.396305625524769e-4,2,0,0.19167070797261224,modspe
355,Primnoisis_antarctica,Cnidaria,4,4,0,0,9.017132551848512e-4,2,0,0.12373258996667558,modspe
356,Procellaria_aequinoctialis,SeaBirds,8,8,0,0,8.77963125548727e-4,3.954,0.653,0.05339135343043428,modspe
357,Prosipho_crassicostatus,Gastropoda,1,1,0,0,6.807351940095302e-4,2,0,0.024149378488313878,modspe
358,Pseudidothea_miersi,Isopoda,1,1,0,0,8.396305625524769e-4,2,0,0.19167070797261224,modspe
359,Rhodalia_miranda,Cnidaria,1,0,1,0,7.347538574577516e-4,1,0,0.006408483813014022,modspe
360,Psychrolutes_marmoratus,Fish_Demersal,30,30,0,0,9.505703422053232e-4,2.961,0.781,0.01593952159397067,hubcon
361,Actinauge_longicornis,Cnidaria,1,0,1,0,6.906077348066298e-4,1,0,0.025562936553232864,modspe
362,Actinostola_crassicornis,Cnidaria,1,0,1,0,6.906077348066298e-4,1,0,0.025562936553232864,modspe
363,Bolocera_kerguelensis,Cnidaria,1,0,1,0,6.906077348066298e-4,1,0,0.025562936553232864,modspe
364,Isosicyonis_alba,Cnidaria,1,0,1,0,6.906077348066298e-4,1,0,0.025562936553232864,modspe
365,Myxine_affinis,Fish_Demersal,1,0,1,0,6.906077348066298e-4,1,0,0.025562936553232864,modspe
366,Paractis_laevis,Cnidaria,1,0,1,0,6.906077348066298e-4,1,0,0.025562936553232864,modspe
367,Phelliactis_sp,Cnidaria,1,0,1,0,6.906077348066298e-4,1,0,0.025562936553232864,modspe
368,Pteraster_affinis,Echinodermata,2,1,1,1,7.08215297450425e-4,3,0,0.010175250560764468,modspe
369,Pteraster_sp,Echinodermata,4,4,0,0,7.668711656441718e-4,2.969,0.316,0.008490585897661928,modspe
370,Halichondrida,Porifera,1,0,1,0,5.88235294117647e-4,1,0,0.0029522613065326633,modspe
371,Latrunculia_sp,Porifera,1,0,1,0,6.609385327164573e-4,1,0,0.0029569778313496904,modspe
372,Quetzogonium_dentatum,Isopoda,1,1,0,0,8.396305625524769e-4,2,0,0.19167070797261224,modspe
373,Rectarcturus_kophameli,Isopoda,1,1,0,0,8.396305625524769e-4,2,0,0.19167070797261224,modspe
374,Rectarcturus_tuberculatus,Isopoda,1,1,0,0,8.396305625524769e-4,2,0,0.19167070797261224,modspe
375,Santia_compacta,Isopoda,1,1,0,0,8.396305625524769e-4,2,0,0.19167070797261224,modspe
376,Serpula_narconensis,Polychaeta,1,1,0,0,6.41025641025641e-4,2,0,0.01176021772755441,modspe
377,Serpula_sp,Polychaeta,1,1,0,0,6.41025641025641e-4,2,0,0.01176021772755441,modspe
378,Spheniscus_magellanicus,SeaBirds,8,8,0,0,8.257638315441783e-4,3.531,0.911,0.034425763729224484,modspe
379,Sporonana_sp,Isopoda,1,1,0,0,8.396305625524769e-4,2,0,0.19167070797261224,modspe
380,Squalus_acanthias,Fish_Chond,1,1,0,0,6.87757909215956e-4,3.934,0,0.009301926351902115,modspe
381,Tasmacetus_shepherdi,MarineMammals_3,3,3,0,0,7.429420505200594e-4,4.527,0.008,0.03353875081569585,modspe
382,Tectonatica_impervia,Gastropoda,4,4,0,0,6.854009595613434e-4,2,0,0.018753909243120002,modspe
383,Terebellides_malvinensis,Polychaeta,1,1,0,0,8.396305625524769e-4,2,0,0.19167070797261224,modspe
384,Tetrazona_glareosa,Ascidiacea,13,13,0,0,9.302325581395349e-4,2.25,0.212,0.0731659645734927,modspe
385,Thalassarche_chrysostoma,SeaBirds,16,16,0,0,9.478672985781991e-4,3.93,0.871,0.04009863956123368,modspe
386,Thalassarche_melanophris,SeaBirds,22,22,0,0,9.70873786407767e-4,3.724,0.996,0.03930507134795813,modspe
387,Thelepus_sp,Polychaeta,3,3,0,0,7.44047619047619e-4,2,0,0.06380840412003734,modspe
388,Travisia_kerguelensis,Polychaeta,2,2,0,0,8.81057268722467e-4,2.5,0.25,0.1260859154355321,modspe
389,Uromunna_nana,Isopoda,1,1,0,0,8.396305625524769e-4,2,0,0.19167070797261224,modspe
390,Uromunna_sp,Isopoda,1,1,0,0,8.396305625524769e-4,2,0,0.19167070797261224,modspe
391,Ziphius_cavirostris,MarineMammals_3,4,4,0,0,7.434944237918215e-4,3.895,1.203,0.03227925419592151,modspe
392,Leucothoe_spinicarpa,Amphipoda,1,1,0,0,8.396305625524769e-4,2,0,0.19167070797261224,modspe
393,Hexactinellida,Porifera,5,4,1,12,8.156606851549756e-4,2.812,0.23,0.020209329479053923,modspe
394,Seba_subantarctica,Amphipoda,1,1,0,0,6.165228113440197e-4,3.812,0,0.0029100398447132114,modspe
395,Andaniotes_linearis,Amphipoda,1,1,0,0,6.807351940095302e-4,2,0,0.024149378488313878,modspe
396,Stenothoidae,Amphipoda,1,1,0,0,8.396305625524769e-4,2,0,0.19167070797261224,modspe
397,Tryphosites_chevreuxi,Amphipoda,1,1,0,0,7.473841554559044e-4,3.984,0,0.009536484772801064,modspe
398,Aristias_antarcticus,Amphipoda,1,1,0,0,6.752194463200541e-4,3,0,0.00593399218697843,modspe
